"201810","강원강릉경찰서",481,194,135,152,0,4,2,17,45,48,65,89,59,152,0,140,38,65,238,28,77,23,0,211,69,4,27,1,0,0,24,17,58,70,73,67,77,69,67
"201810","강원고성경찰서",115,41,29,45,0,1,0,1,7,11,12,22,16,45,2,23,8,12,70,8,18,3,1,43,15,3,14,0,0,0,9,1,17,24,16,18,14,13,13
"201810","강원동해경찰서",177,80,53,44,0,4,0,8,23,16,28,30,24,44,3,52,3,16,103,6,16,8,0,74,32,2,10,4,0,0,19,6,26,29,25,27,18,27,25
"201810","강원삼척경찰서",181,72,61,48,1,1,1,9,15,12,28,40,26,48,0,61,12,29,79,6,24,4,0,88,33,1,9,2,0,0,12,2,25,31,20,32,27,25,21
"201810","강원속초경찰서",389,183,101,105,0,3,4,6,44,46,63,64,53,106,3,81,36,66,203,8,66,21,0,175,44,1,37,0,0,0,32,5,57,59,58,57,54,55,49
"201810","강원양구경찰서",42,16,10,16,0,0,0,1,6,3,4,6,6,16,1,8,1,10,22,2,6,7,0,9,6,0,5,2,0,0,1,4,1,9,2,5,8,12,5
"201810","강원영월경찰서",113,50,33,30,0,1,1,4,6,10,17,19,25,30,0,22,16,14,61,8,10,2,0,46,26,4,6,1,1,0,3,6,15,17,17,14,20,12,18
"201810","강원원주경찰서",958,419,281,258,4,5,10,41,129,112,141,163,95,258,12,203,65,210,468,47,135,107,0,448,80,11,68,4,0,0,30,28,112,128,143,157,137,163,118
"201810","강원인제경찰서",57,17,16,24,0,0,0,0,4,7,3,9,9,25,4,10,2,12,29,4,7,2,0,21,10,2,4,0,0,0,0,7,8,8,6,8,7,10,10
"201810","강원정선경찰서",148,59,36,53,0,1,0,1,6,14,28,30,13,55,4,21,22,33,68,11,32,17,0,37,21,3,8,0,1,0,4,14,17,15,33,21,27,21,14
"201810","강원철원경찰서",109,44,32,33,0,0,2,5,11,7,21,18,12,33,1,22,8,22,56,10,29,10,0,20,34,0,2,0,0,0,1,3,17,16,18,13,21,17,7
"201810","강원춘천경찰서",793,368,239,186,1,2,3,39,118,97,109,149,86,189,3,162,82,138,408,28,122,69,0,398,70,7,41,3,0,0,19,36,91,118,112,108,131,126,107
"201810","강원태백경찰서",101,53,28,20,0,0,3,6,5,17,16,22,12,20,2,28,6,18,47,1,15,16,0,30,24,3,4,3,0,0,5,0,11,14,15,17,14,20,10
"201810","강원평창경찰서",128,63,33,32,0,0,2,4,7,8,23,28,22,34,0,14,10,32,72,9,37,7,2,40,17,0,4,1,4,0,2,5,8,21,19,25,24,16,15
"201810","강원홍천경찰서",241,101,62,78,1,2,1,11,15,28,30,42,33,78,2,40,38,34,127,11,28,15,0,109,36,3,20,1,0,0,9,9,28,27,50,31,38,31,36
"201810","강원화천경찰서",70,22,25,23,0,1,0,2,4,12,10,10,8,23,4,15,5,11,35,2,17,8,0,19,9,2,10,1,0,0,2,0,9,11,8,13,12,10,7
"201810","강원횡성경찰서",112,47,28,37,0,0,2,3,5,7,17,23,18,37,1,17,11,15,68,4,21,10,0,37,24,1,6,0,1,0,1,7,12,19,9,14,25,19,14
"201810","경기가평경찰서",246,107,72,67,2,0,0,12,25,24,35,48,33,67,7,44,17,54,124,17,46,21,0,88,29,2,25,0,0,2,8,8,25,37,41,35,37,32,39
"201810","경기고양경찰서",1042,530,239,273,4,3,8,59,138,137,172,138,107,276,14,200,69,254,505,56,156,129,1,440,57,10,75,1,1,0,65,51,118,153,153,165,161,159,133
"201810","경기과천경찰서",146,50,44,52,0,1,0,6,14,10,22,26,15,52,2,21,14,28,81,0,25,22,0,39,8,2,13,2,2,0,4,29,20,21,16,14,26,33,16
"201810","경기광명경찰서",772,345,235,192,2,7,10,31,96,116,130,117,71,192,9,167,84,142,370,39,95,75,0,339,59,5,40,2,2,0,87,29,93,104,123,120,115,111,106
"201810","경기광주경찰서",1009,444,306,259,4,12,12,35,100,170,155,150,110,261,10,190,109,212,488,30,142,92,0,464,60,65,61,8,11,0,47,29,130,129,153,141,148,168,140
"201810","경기구리경찰서",609,271,184,154,2,3,5,32,90,78,97,98,47,157,5,160,61,112,271,34,76,40,0,277,35,13,49,4,0,0,50,31,87,80,80,92,82,87,101
"201810","경기군포경찰서",551,254,188,109,3,4,6,23,86,77,100,94,49,109,16,126,64,142,203,19,73,54,0,236,33,3,21,1,3,1,82,25,68,91,74,79,84,72,83
"201810","경기김포경찰서",949,425,234,290,6,12,11,33,111,138,156,123,69,290,17,178,67,218,469,49,140,98,0,342,76,27,87,2,2,0,36,90,115,142,140,132,124,154,142
"201810","경기남양주경찰서",1468,578,386,504,4,14,16,70,118,171,217,213,141,504,32,289,121,226,800,129,188,77,0,671,136,32,98,6,0,0,71,60,164,225,218,241,215,232,173
"201810","경기동두천경찰서",319,145,92,82,0,2,3,21,31,48,46,47,38,83,4,56,57,78,124,15,36,39,1,149,19,3,9,1,0,0,29,18,43,53,46,42,42,55,38
"201810","경기부천소사경찰서",494,242,155,97,3,4,4,31,57,54,88,92,64,97,7,123,67,100,197,10,64,49,0,215,23,4,22,7,11,0,65,24,52,91,70,62,75,73,71
"201810","경기부천오정경찰서",512,237,123,152,1,2,8,21,48,56,78,93,53,152,8,112,48,90,254,20,64,36,1,211,32,12,62,6,0,0,49,19,65,68,75,88,74,77,65
"201810","경기부천원미경찰서",1517,604,418,495,3,13,15,61,214,188,220,209,98,496,27,257,175,322,736,58,178,142,0,607,69,28,206,4,6,0,136,83,191,190,260,226,209,208,233
"201810","경기분당경찰서",1008,444,326,238,4,7,18,48,176,151,147,127,88,242,17,162,110,215,504,29,187,114,1,371,67,15,85,2,3,0,65,69,127,144,164,144,138,174,117
"201810","경기성남수정경찰서",806,348,257,201,2,9,5,32,95,114,127,133,89,200,18,207,76,157,348,25,118,55,0,335,51,25,51,8,2,1,98,37,87,108,124,111,119,136,121
"201810","경기성남중원경찰서",904,411,261,232,1,4,5,32,120,126,130,175,80,231,16,239,169,135,345,19,91,42,0,422,47,53,30,1,0,0,116,83,125,110,146,121,128,138,136
"201810","경기수원남부경찰서",1638,671,441,526,5,11,18,85,262,234,202,178,110,533,31,285,172,358,792,38,237,164,0,590,135,18,255,12,16,0,108,65,218,218,214,247,233,268,240
"201810","경기수원서부경찰서",997,537,286,174,3,10,12,56,150,176,180,146,87,177,22,188,178,199,410,28,163,68,0,500,87,10,20,4,13,0,79,25,137,150,144,117,154,172,123
"201810","경기수원중부경찰서",1241,495,369,377,1,6,8,39,162,133,180,195,120,397,17,235,81,232,676,46,157,94,0,415,70,8,117,17,17,0,159,141,175,161,163,188,168,221,165
"201810","경기시흥경찰서",1962,926,500,536,5,11,15,76,268,289,328,306,127,537,26,327,435,333,841,66,158,162,0,933,99,68,236,5,50,0,139,46,256,279,282,272,308,317,248
"201810","경기안산단원경찰서",1425,717,403,305,2,16,20,80,240,198,226,228,107,308,22,301,220,294,588,36,170,96,0,684,124,41,78,2,1,0,132,61,210,178,201,225,215,188,208
"201810","경기안산상록경찰서",898,383,254,261,4,3,14,48,122,110,149,129,57,262,14,178,62,175,469,32,103,84,0,349,73,13,74,10,0,0,109,51,128,146,108,126,141,137,112
"201810","경기안성경찰서",604,231,150,223,2,2,3,24,72,72,77,85,43,224,10,117,36,123,318,41,92,67,0,201,74,13,66,1,0,1,8,40,66,80,75,121,96,87,79
"201810","경기안양동안경찰서",863,434,276,153,1,7,12,45,168,142,153,116,65,154,12,147,124,269,311,27,108,126,0,406,27,20,23,2,1,0,67,56,99,101,127,132,141,144,119
"201810","경기안양만안경찰서",717,304,212,201,0,2,7,39,98,77,105,111,77,201,12,178,97,139,291,12,76,60,0,276,50,19,63,2,3,0,111,45,109,107,110,94,80,120,97
"201810","경기양주경찰서",543,222,129,192,2,3,6,24,46,59,87,77,47,192,5,108,35,84,311,48,68,41,0,216,31,5,55,0,0,0,33,46,63,77,90,77,89,83,64
"201810","경기양평경찰서",349,157,107,85,2,1,3,9,33,31,54,63,67,86,6,48,24,72,199,17,80,27,0,127,30,5,27,2,0,0,18,16,37,56,62,59,55,48,32
"201810","경기여주경찰서",399,179,109,111,2,1,5,17,41,47,57,74,44,111,7,82,42,77,191,18,70,22,0,169,32,16,30,2,0,1,24,15,50,50,56,63,67,65,48
"201810","경기연천경찰서",123,62,38,23,0,4,1,3,9,18,22,13,30,23,2,22,5,28,66,7,30,14,0,31,10,8,2,0,0,0,9,12,8,19,28,13,19,14,22
"201810","경기오산경찰서",1680,786,429,465,8,11,16,63,223,293,266,207,123,470,26,329,256,226,843,60,173,122,1,814,165,11,125,8,53,0,104,44,195,229,236,241,287,275,217
"201810","경기용인동부경찰서",1269,580,376,313,7,8,15,57,155,187,238,176,111,315,24,247,119,250,629,57,194,111,1,560,111,9,68,6,5,0,85,62,127,189,176,197,194,243,143
"201810","경기용인서부경찰서",715,332,238,145,0,5,12,44,91,110,142,91,75,145,8,117,121,178,291,24,120,71,0,359,40,19,40,2,1,0,16,23,66,107,116,89,116,116,105
"201810","경기의왕경찰서",300,140,78,82,1,4,3,9,30,44,50,48,29,82,5,51,26,49,169,15,54,16,0,121,20,3,30,8,0,0,18,15,26,29,59,36,46,57,47
"201810","경기의정부경찰서",1365,633,407,325,5,5,17,94,206,171,211,198,132,326,19,285,219,310,532,57,181,93,0,675,93,21,87,4,0,0,113,41,141,214,223,193,205,220,169
"201810","경기이천경찰서",901,328,205,368,2,3,9,41,105,109,103,100,61,368,8,180,94,127,492,32,121,53,0,311,77,17,85,1,1,0,64,139,115,108,121,149,167,131,110
"201810","경기일산동부경찰서",845,375,224,246,3,8,9,45,131,91,126,114,70,248,18,142,68,207,410,44,166,50,0,344,41,10,62,0,4,0,78,46,89,122,144,127,136,131,96
"201810","경기일산서부경찰서",548,258,173,117,1,3,13,38,65,79,98,82,51,118,13,118,68,107,242,15,92,41,0,251,44,5,36,3,5,0,32,24,72,75,71,78,87,84,81
"201810","경기파주경찰서",976,413,241,322,4,9,12,54,92,139,145,120,73,328,18,186,75,213,484,63,151,58,0,413,85,8,111,4,0,1,66,16,99,145,144,154,155,148,131
"201810","경기평택경찰서",2216,1040,685,491,5,12,17,173,488,317,279,277,155,493,16,382,147,732,939,58,213,327,0,791,105,16,128,8,268,1,163,138,266,310,258,310,298,293,481
"201810","경기포천경찰서",549,251,146,152,0,6,0,29,48,71,98,81,63,153,7,88,53,94,307,46,82,38,0,236,35,9,51,3,4,0,38,7,62,85,86,75,86,81,74
"201810","경기하남경찰서",452,188,98,166,4,2,1,20,35,65,62,56,39,168,2,74,46,76,254,21,54,32,0,197,35,5,67,5,0,0,19,17,57,67,75,60,64,73,56
"201810","경기화성서부경찰서",1043,467,211,365,1,2,11,32,108,131,165,148,78,367,9,181,88,199,566,91,144,94,0,428,71,12,97,5,2,1,48,50,126,177,145,159,172,137,127
"201810","경남거제경찰서",836,404,225,207,1,2,3,25,81,147,173,126,68,210,7,163,144,180,342,29,196,60,0,334,60,7,70,1,1,0,35,43,96,117,134,140,132,125,92
"201810","경남거창경찰서",138,56,35,47,0,1,0,7,6,19,15,19,22,49,1,28,12,26,71,8,37,11,0,37,37,2,3,0,0,0,2,1,22,19,18,23,18,26,12
"201810","경남고성경찰서",134,72,34,28,0,2,5,1,7,14,26,26,25,28,6,22,15,18,73,11,21,6,0,63,16,1,10,1,0,0,3,2,18,11,21,23,21,18,22
"201810","경남김해서부경찰서",541,226,105,210,0,1,3,15,44,81,82,73,30,212,7,75,38,124,297,39,92,55,0,181,43,6,89,2,2,0,20,12,66,76,81,77,80,95,66
"201810","경남김해중부경찰서",1022,542,248,232,0,7,7,88,163,126,165,150,84,232,14,221,174,267,346,36,133,148,1,443,85,9,33,7,43,0,54,30,154,133,143,141,166,160,125
"201810","경남남해경찰서",64,35,14,15,0,0,0,2,2,5,12,12,16,15,0,7,9,10,38,7,11,7,0,16,13,3,2,0,0,0,2,3,6,8,8,9,12,13,8
"201810","경남마산동부경찰서",479,210,136,133,0,2,1,24,57,58,60,77,67,133,6,129,66,78,200,16,92,27,0,177,32,3,42,3,1,0,54,32,54,79,44,78,85,77,62
"201810","경남마산중부경찰서",476,219,142,115,0,2,1,12,60,54,68,85,80,114,5,110,89,88,184,7,58,36,0,233,33,12,43,2,3,0,22,27,58,84,74,56,68,58,78
"201810","경남밀양경찰서",218,82,45,91,0,1,0,5,17,19,28,34,20,94,3,31,12,33,139,34,45,10,0,56,32,8,14,0,2,0,8,9,21,38,35,35,40,27,22
"201810","경남사천경찰서",290,146,70,74,1,1,3,7,24,41,58,43,37,75,1,72,17,50,150,8,53,18,0,106,56,3,26,0,1,0,15,4,28,51,48,40,38,38,47
"201810","경남산청경찰서",67,39,18,10,0,0,0,0,6,9,10,17,15,10,2,19,5,5,36,4,20,3,0,25,9,0,4,0,0,0,1,1,9,12,10,9,8,9,10
"201810","경남양산경찰서",853,413,251,189,3,10,9,27,104,145,164,120,82,189,7,153,142,173,378,35,141,121,0,373,65,21,35,3,2,0,42,15,99,135,122,134,118,139,106
"201810","경남의령경찰서",52,22,11,19,0,0,0,0,3,2,6,10,12,19,0,12,3,10,27,4,13,0,0,19,9,0,4,0,0,0,2,1,6,7,5,9,12,12,1
"201810","경남진주경찰서",738,345,191,202,1,5,5,53,113,87,109,89,74,202,8,137,80,201,312,28,115,137,0,237,92,4,39,6,4,0,42,34,77,115,100,98,126,129,93
"201810","경남진해경찰서",479,227,122,130,3,5,7,29,42,74,100,60,28,131,6,114,83,74,202,15,70,40,0,244,32,3,42,1,3,0,17,12,63,64,78,63,57,79,75
"201810","경남창녕경찰서",129,60,16,53,0,1,1,1,6,9,16,17,25,53,2,15,6,26,80,8,25,11,0,27,13,0,14,0,1,1,1,28,16,17,23,19,20,15,19
"201810","경남창원서부경찰서",599,259,180,160,0,4,5,24,62,101,97,102,43,161,5,114,64,157,259,12,70,98,0,213,52,5,82,0,9,0,35,23,72,83,99,98,88,96,63
"201810","경남창원중부경찰서",699,337,206,156,2,6,0,27,132,107,120,105,42,158,8,147,80,186,278,25,155,63,0,264,54,6,34,0,17,0,42,39,73,124,97,103,116,108,78
"201810","경남통영경찰서",353,162,86,105,0,1,4,9,33,46,56,57,41,106,4,95,26,74,154,13,75,21,0,144,43,7,30,0,1,1,8,10,31,51,55,58,53,63,42
"201810","경남하동경찰서",91,33,24,34,0,0,0,2,0,5,12,16,21,35,0,20,9,10,52,6,14,4,0,38,14,1,10,0,0,0,0,4,11,13,15,12,13,16,11
"201810","경남함안경찰서",159,86,36,37,0,1,1,1,7,15,39,28,30,37,1,31,33,27,67,14,29,7,0,62,17,3,3,0,0,0,8,16,18,23,30,22,25,24,17
"201810","경남함양경찰서",79,36,19,24,1,0,1,2,3,6,8,15,19,24,2,13,3,12,49,5,17,4,0,18,15,2,17,0,0,0,0,1,7,13,17,8,16,13,5
"201810","경남합천경찰서",105,44,29,32,0,1,0,5,7,5,13,22,20,32,4,22,8,16,55,7,27,6,0,30,15,3,8,1,0,0,3,5,19,15,12,12,14,18,15
"201810","경북경산경찰서",829,381,209,239,3,1,4,44,108,115,124,105,86,239,20,201,145,101,362,73,92,44,0,413,48,4,43,0,2,0,52,58,92,122,124,111,134,127,119
"201810","경북경주경찰서",715,335,213,167,1,6,3,34,99,90,112,102,101,167,6,98,66,203,342,28,94,120,0,296,60,5,45,3,2,0,26,36,86,94,114,114,111,117,79
"201810","경북고령경찰서",68,35,14,19,0,1,0,1,4,3,9,16,15,19,0,6,3,17,42,6,14,7,0,18,12,1,5,0,0,0,2,3,9,5,10,9,14,11,10
"201810","경북구미경찰서",1049,455,283,311,7,6,5,35,151,151,179,124,78,313,14,159,144,191,541,18,114,122,0,448,99,6,99,7,16,0,50,70,122,144,145,158,152,169,159
"201810","경북군위경찰서",65,30,11,24,0,0,1,2,2,4,6,14,12,24,1,12,7,9,36,7,9,4,0,23,6,2,5,0,0,0,1,8,10,10,13,6,7,8,11
"201810","경북김천경찰서",399,170,72,157,1,2,4,22,60,34,38,43,37,158,7,64,13,90,225,6,41,55,0,135,18,4,80,0,0,0,12,48,47,55,59,63,61,60,54
"201810","경북문경경찰서",210,93,67,50,2,1,1,4,16,36,28,36,36,50,4,49,16,40,101,5,29,23,1,81,47,0,6,8,0,0,3,7,21,37,40,24,26,37,25
"201810","경북봉화경찰서",70,28,22,20,0,0,0,2,1,5,10,16,15,21,0,17,6,10,37,0,10,4,0,27,9,2,8,0,0,0,1,9,7,10,10,10,16,8,9
"201810","경북상주경찰서",241,117,55,69,1,2,2,13,13,22,37,37,44,70,0,46,21,26,148,12,26,9,1,84,45,6,10,6,2,1,7,32,36,34,33,28,35,35,40
"201810","경북성주경찰서",111,45,31,35,0,0,0,1,10,12,20,17,15,36,2,12,8,28,61,14,17,14,0,45,10,1,5,0,0,0,1,4,14,13,10,18,37,12,7
"201810","경북안동경찰서",393,200,101,92,1,2,5,12,42,45,85,60,49,92,6,67,38,81,201,13,61,48,0,166,55,3,13,0,0,0,20,14,52,53,56,62,60,62,48
"201810","경북영덕경찰서",105,40,32,33,2,1,0,1,5,8,16,16,23,33,2,25,6,13,59,8,11,6,0,31,33,2,6,3,0,0,4,1,21,11,21,6,15,19,12
"201810","경북영양경찰서",33,12,16,5,0,0,0,1,2,2,6,6,10,6,0,2,0,11,20,3,10,3,0,6,6,0,1,2,0,0,1,1,6,3,7,3,6,4,4
"201810","경북영주경찰서",286,136,93,57,0,0,2,11,26,40,56,51,43,57,2,71,57,32,124,12,28,17,0,133,28,5,11,13,2,2,12,23,29,49,41,42,46,33,46
"201810","경북영천경찰서",278,128,71,79,1,1,2,7,13,34,40,60,41,79,3,44,39,57,135,13,46,18,0,83,60,2,17,1,15,0,8,15,26,46,50,39,52,33,32
"201810","경북예천경찰서",86,32,28,26,0,0,1,0,12,6,10,17,14,26,2,11,5,15,53,8,6,7,0,24,29,1,8,0,0,0,1,2,6,19,18,8,13,13,9
"201810","경북울릉경찰서",13,4,6,3,1,1,0,0,0,1,1,3,3,3,1,4,0,1,7,0,2,0,0,7,1,0,2,0,0,0,1,0,0,2,2,0,5,4,0
"201810","경북울진경찰서",105,38,25,42,0,2,0,1,9,7,10,20,14,42,2,21,4,25,53,3,25,8,0,18,5,5,20,1,0,0,1,19,9,14,22,19,21,14,6
"201810","경북의성경찰서",105,42,33,30,0,0,0,2,9,11,14,21,18,30,1,25,9,24,46,7,14,20,0,32,16,0,5,0,0,0,4,7,10,25,15,14,14,15,12
"201810","경북청도경찰서",64,25,23,16,0,0,1,0,3,3,9,20,12,16,3,18,4,6,33,1,11,2,1,24,14,0,2,0,0,0,3,6,14,12,9,7,11,7,4
"201810","경북청송경찰서",79,38,19,22,0,0,0,0,4,7,9,19,18,22,1,31,2,8,37,0,18,3,0,26,16,1,7,0,0,0,2,6,10,16,7,10,15,13,8
"201810","경북칠곡경찰서",403,169,75,159,1,3,4,7,26,50,64,51,37,160,7,52,25,50,269,13,52,30,0,130,60,1,77,1,0,0,18,21,44,50,71,60,60,63,55
"201810","경북포항남부경찰서",556,231,160,165,2,4,2,17,44,80,87,82,70,168,9,109,47,93,298,18,82,36,0,187,70,7,59,2,22,1,35,37,63,80,72,80,86,110,65
"201810","경북포항북부경찰서",1093,355,525,213,2,2,5,37,228,284,102,118,102,213,6,147,106,447,387,13,84,383,1,324,50,10,113,1,6,0,46,62,114,168,183,172,182,150,124
"201810","광주광산경찰서",986,488,268,230,3,5,5,48,147,146,188,142,73,229,8,167,74,268,469,25,152,155,0,380,64,9,87,14,8,0,50,42,115,143,177,137,162,151,101
"201810","광주남부경찰서",415,194,132,89,1,4,6,19,54,55,89,51,47,89,4,84,42,94,191,3,72,44,0,214,24,0,26,5,2,0,18,7,39,60,66,64,57,61,68
"201810","광주동부경찰서",448,215,129,104,1,1,2,30,75,41,51,72,69,106,8,82,69,118,171,6,89,31,0,199,25,30,24,1,0,0,34,9,40,73,55,59,77,81,63
"201810","광주북부경찰서",913,424,262,227,3,7,9,35,119,120,160,129,103,228,26,118,85,206,478,26,167,95,2,398,66,9,57,13,9,1,42,28,113,123,130,119,141,166,121
"201810","광주서부경찰서",1103,540,298,265,4,4,13,48,181,171,168,165,81,268,14,194,97,251,547,25,165,138,0,484,82,12,74,17,11,0,75,20,118,168,155,169,182,156,155
"201810","군산해양경비안전서",486,14,0,472,0,0,0,0,0,1,2,2,9,472,0,3,3,380,100,1,6,0,0,8,4,1,6,0,371,0,0,89,2,5,4,89,377,6,3
"201810","남해해양경비안전본부",1,1,0,0,0,0,0,0,0,0,1,0,0,0,0,0,0,1,0,0,0,0,0,0,0,1,0,0,0,0,0,0,0,0,0,0,1,0,0
"201810","대구강북경찰서",551,270,150,131,4,8,5,25,77,75,96,83,47,131,4,98,62,92,295,8,58,28,0,280,68,5,41,4,1,0,13,45,59,75,88,75,75,103,76
"201810","대구남부경찰서",434,208,140,86,0,1,1,19,64,60,81,69,53,86,3,97,48,89,197,10,82,29,0,194,35,9,21,5,2,0,27,20,58,65,80,57,69,52,53
"201810","대구달서경찰서",629,281,183,165,3,5,8,30,76,86,108,80,68,165,13,120,78,86,332,24,68,51,1,311,40,8,57,3,2,0,29,35,61,83,85,111,115,84,90
"201810","대구달성경찰서",481,194,121,166,0,3,7,17,43,68,66,64,47,166,5,83,156,60,177,7,59,41,0,189,45,15,13,2,79,0,11,20,47,78,82,71,77,71,55
"201810","대구동부경찰서",899,474,248,177,2,5,11,45,123,120,155,143,118,177,14,187,128,188,382,21,123,82,0,453,57,14,39,6,3,0,46,55,108,120,143,127,129,151,121
"201810","대구북부경찰서",525,263,133,129,0,3,5,21,73,64,83,83,61,132,9,105,56,108,247,9,58,54,0,238,66,8,48,3,0,0,26,15,62,79,74,76,83,81,70
"201810","대구서부경찰서",603,276,175,152,2,4,8,17,76,58,91,113,80,154,6,130,74,95,298,20,65,28,0,300,39,14,47,4,1,0,52,33,86,93,90,83,74,104,73
"201810","대구성서경찰서",761,359,186,216,2,5,5,29,112,93,121,112,67,215,13,135,66,138,409,39,102,73,0,324,53,11,52,6,1,1,56,43,83,116,109,118,129,123,83
"201810","대구수성경찰서",1068,518,296,254,3,7,12,40,125,139,199,157,129,257,12,182,135,257,482,22,184,113,0,478,68,13,88,3,6,0,44,49,116,151,167,170,155,144,165
"201810","대구중부경찰서",521,266,161,94,0,2,7,42,143,62,66,62,43,94,21,119,74,97,210,8,70,37,0,276,33,13,30,9,11,1,25,8,77,66,72,67,65,77,97
"201810","대전대덕경찰서",559,212,144,203,1,4,2,16,55,66,71,76,48,220,10,100,62,104,283,35,55,69,0,222,56,13,34,8,21,0,34,12,56,86,69,91,105,93,59
"201810","대전동부경찰서",632,319,177,136,2,3,1,39,86,94,104,84,83,136,5,155,51,146,275,15,94,76,0,311,45,2,9,12,13,0,32,23,78,89,94,92,91,104,84
"201810","대전둔산경찰서",742,359,234,149,1,3,7,47,152,118,97,96,72,149,8,146,118,146,324,18,117,54,2,360,62,8,6,5,20,0,38,52,98,114,127,88,97,124,94
"201810","대전서부경찰서",470,215,150,105,2,7,8,32,76,59,57,74,50,105,3,115,59,91,202,10,76,44,0,214,51,6,7,10,15,0,18,19,55,56,74,73,60,75,77
"201810","대전유성경찰서",787,419,217,151,5,4,7,34,129,118,157,115,66,152,13,119,101,194,360,20,137,102,1,397,48,13,13,7,5,0,26,18,82,116,115,116,142,129,87
"201810","대전중부경찰서",627,314,214,99,1,5,6,28,85,91,110,125,77,99,14,167,53,137,256,16,90,67,0,308,44,10,11,6,4,0,60,11,90,95,78,106,81,92,85
"201810","동해해양경비안전본부",16,1,0,15,0,0,0,0,0,1,0,0,0,15,0,0,0,6,10,0,0,0,0,0,0,2,0,0,5,0,0,9,0,6,8,1,0,1,0
"201810","동해해양경비안전서",1349,644,1,704,0,0,0,0,0,0,644,0,0,705,0,0,0,0,1349,0,0,1,0,0,4,0,5,0,1337,0,0,2,102,244,225,222,222,229,105
"201810","목포해양경비안전서",50,20,2,28,0,0,0,0,1,2,6,6,7,28,0,7,3,7,33,1,6,0,0,8,21,1,8,0,0,1,0,4,5,11,7,14,8,2,3
"201810","보령해양경비안전서",14,1,0,13,0,0,0,0,0,0,0,0,1,13,0,0,0,1,13,0,1,0,0,0,4,2,4,0,1,0,0,2,2,0,0,3,2,2,5
"201810","부산강서경찰서",419,201,82,136,3,5,1,4,38,65,69,54,40,140,4,51,56,89,219,42,104,41,0,135,29,13,24,1,0,0,12,18,46,66,65,66,75,58,43
"201810","부산금정경찰서",663,298,197,168,1,4,3,34,88,82,86,111,83,171,11,126,67,178,281,20,133,81,0,203,26,20,54,5,2,0,69,50,82,95,114,92,83,106,91
"201810","부산기장경찰서",396,142,76,178,1,2,5,7,28,47,46,43,37,180,1,57,35,79,224,34,77,28,0,101,15,5,88,3,4,0,19,22,39,62,57,68,62,61,47
"201810","부산남부경찰서",1082,493,316,273,1,4,3,47,181,158,153,147,113,275,27,205,115,302,433,37,247,143,0,363,50,43,34,3,12,0,73,77,126,176,152,164,168,174,122
"201810","부산동래경찰서",749,364,209,176,1,3,4,32,108,91,120,97,115,178,9,142,116,149,333,19,133,50,0,283,34,19,69,6,1,0,99,36,90,111,125,114,94,105,110
"201810","부산동부경찰서",505,267,131,107,0,3,1,19,70,64,80,77,84,107,3,80,92,135,195,8,77,70,0,203,7,12,37,1,5,0,64,21,50,92,58,71,80,84,70
"201810","부산북부경찰서",676,334,169,173,1,6,6,34,117,82,91,90,76,173,7,138,64,170,297,25,117,95,0,204,29,11,85,14,5,0,69,22,78,97,96,120,100,92,93
"201810","부산사상경찰서",641,355,166,120,0,4,3,25,109,113,85,113,69,120,8,116,85,174,258,17,121,121,0,196,38,19,14,13,2,0,66,34,54,95,102,105,97,92,96
"201810","부산사하경찰서",701,325,204,172,0,3,7,28,74,114,109,110,82,174,8,139,84,187,283,30,179,103,0,190,39,11,28,1,7,0,76,37,69,116,109,99,112,119,77
"201810","부산서부경찰서",354,167,106,81,0,2,8,17,38,44,47,63,54,81,3,86,77,55,133,13,55,24,0,146,9,14,19,1,4,0,49,20,34,47,65,47,57,62,42
"201810","부산연제경찰서",717,334,214,169,3,2,7,22,94,79,107,132,100,171,7,140,73,183,314,22,163,58,0,234,32,23,36,4,7,0,78,60,73,108,124,100,116,109,87
"201810","부산영도경찰서",311,139,91,81,1,2,3,8,38,30,43,50,52,84,4,84,45,54,124,14,49,24,0,91,14,13,34,10,1,0,47,14,50,51,47,49,39,39,36
"201810","부산중부경찰서",368,172,85,111,0,0,2,24,47,44,44,47,49,111,7,58,31,105,167,29,61,56,0,81,19,13,39,4,1,0,38,27,31,47,68,60,51,61,50
"201810","부산진경찰서",1358,673,394,291,2,5,8,80,246,178,195,198,154,292,5,298,162,363,530,34,338,110,0,493,65,17,64,6,12,0,128,91,154,192,207,202,214,210,179
"201810","부산해양경비안전서",848,11,1,836,0,0,0,0,0,1,2,3,6,836,211,4,4,0,629,0,5,1,0,6,19,0,9,1,210,0,0,597,136,110,121,108,106,122,145
"201810","부산해운대경찰서",1041,445,313,283,5,3,13,49,150,147,150,123,111,290,17,213,127,239,445,44,277,60,0,353,72,22,46,5,9,1,98,54,129,145,144,162,158,164,139
"201810","부안해양경비안전서",8,4,0,4,0,0,0,0,0,0,2,2,0,4,0,0,0,1,7,0,0,0,0,1,1,1,1,0,0,1,0,3,2,2,0,2,1,0,1
"201810","서귀포해양경비안전서",219,5,2,212,0,0,0,0,1,1,1,4,0,212,0,0,0,3,216,0,1,0,0,2,5,4,3,3,198,0,0,3,27,28,30,35,31,34,34
"201810","서울강남경찰서",1806,776,523,507,2,1,3,49,330,312,236,206,152,515,46,262,158,572,768,46,548,142,1,548,59,35,142,6,9,0,106,164,176,239,303,281,298,273,236
"201810","서울강동경찰서",966,482,281,203,1,4,4,45,153,160,127,148,120,204,21,185,174,216,370,42,164,103,0,417,49,9,17,2,2,1,120,40,112,156,158,149,133,145,113
"201810","서울강북경찰서",853,406,274,173,0,3,6,60,150,115,111,130,103,175,26,175,115,187,350,18,119,104,0,320,60,6,26,7,5,0,133,55,121,113,124,126,128,127,114
"201810","서울강서경찰서",1392,644,394,354,2,10,16,55,191,205,204,202,150,357,27,228,168,345,624,57,255,150,0,462,75,7,62,4,13,0,137,170,161,194,232,220,203,224,158
"201810","서울관악경찰서",1288,611,398,279,12,9,10,49,292,169,139,165,161,282,29,240,245,282,492,39,201,101,0,537,63,6,95,4,4,1,170,67,178,164,206,177,183,197,183
"201810","서울광진경찰서",994,465,280,249,1,4,10,45,182,147,125,135,93,252,22,178,173,233,388,39,159,98,0,411,43,5,85,1,3,1,99,50,117,144,160,129,137,161,146
"201810","서울구로경찰서",1171,614,322,235,3,12,9,46,186,150,196,191,136,242,28,270,174,264,435,41,202,94,0,543,59,5,24,6,15,0,125,57,140,162,161,167,190,193,158
"201810","서울금천경찰서",937,438,267,232,2,5,4,39,146,126,140,145,94,236,21,192,128,218,378,16,160,91,0,344,51,10,61,4,8,0,144,48,112,142,148,111,149,145,130
"201810","서울남대문경찰서",401,177,140,84,0,0,0,11,67,62,75,49,50,87,11,61,76,138,115,18,77,57,0,128,13,3,11,3,15,0,47,29,28,69,56,69,62,63,54
"201810","서울노원경찰서",1011,476,313,222,4,7,12,78,164,126,138,144,112,226,25,231,141,198,416,42,142,97,0,435,63,26,38,7,3,0,83,75,118,142,154,148,172,122,155
"201810","서울도봉경찰서",695,317,238,140,4,6,3,29,83,111,106,112,96,145,12,132,77,158,316,30,182,56,0,230,46,13,25,9,0,0,64,40,95,113,123,88,95,101,80
"201810","서울동대문경찰서",1023,519,307,197,1,6,8,41,183,131,134,163,154,202,18,210,137,227,431,25,193,98,0,362,35,19,35,4,1,0,150,101,115,169,146,147,161,170,115
"201810","서울동작경찰서",852,399,276,177,2,4,5,44,169,129,105,122,93,179,19,151,108,216,358,36,150,87,1,346,42,2,38,12,2,0,77,59,81,122,151,113,149,134,102
"201810","서울마포경찰서",1364,590,427,347,3,4,9,81,304,197,158,158,96,354,48,262,186,295,573,34,220,90,0,551,63,13,97,10,27,0,162,97,171,191,206,173,174,227,222
"201810","서울방배경찰서",432,188,123,121,0,2,6,12,57,53,65,62,54,121,9,41,49,120,213,12,108,34,0,149,18,1,58,4,2,0,25,21,48,67,56,75,69,68,49
"201810","서울서대문경찰서",818,339,302,177,2,1,11,49,173,89,96,108,112,177,19,138,95,196,370,28,143,99,0,298,56,18,31,15,7,1,84,38,100,115,130,133,116,110,114
"201810","서울서부경찰서",369,182,114,73,0,3,5,17,63,45,57,59,47,73,6,92,58,60,153,14,61,26,0,160,27,4,10,12,0,0,45,10,48,46,61,50,62,50,52
"201810","서울서초경찰서",1562,734,462,366,4,2,4,43,238,243,239,245,169,375,42,187,162,480,691,56,641,62,0,544,41,13,42,13,1,0,118,31,104,217,247,231,277,315,171
"201810","서울성동경찰서",756,379,224,153,2,2,4,34,139,108,116,117,80,154,10,131,112,187,316,28,122,57,0,332,29,8,47,6,3,1,91,32,90,100,111,103,126,133,93
"201810","서울성북경찰서",464,225,147,92,2,7,5,30,100,49,65,66,49,91,8,95,51,88,222,17,72,28,0,209,25,1,32,9,0,0,48,23,81,70,69,64,55,60,65
"201810","서울송파경찰서",1866,883,576,407,9,7,19,70,276,258,280,287,246,414,33,304,278,457,794,43,347,153,0,839,88,7,103,11,4,0,170,101,196,267,277,252,315,298,261
"201810","서울수서경찰서",1053,500,301,252,1,6,6,38,147,147,150,183,118,257,23,177,92,309,452,36,355,86,0,330,41,5,25,7,2,0,103,63,86,166,166,161,184,189,101
"201810","서울양천경찰서",872,436,249,187,6,12,15,38,101,92,150,143,125,190,9,169,137,177,380,25,155,87,0,372,36,13,22,8,9,0,88,57,99,116,122,139,133,162,101
"201810","서울영등포경찰서",1632,847,424,361,5,11,13,54,233,232,257,278,185,364,24,335,236,415,622,45,306,100,0,708,57,14,78,7,13,0,217,87,221,226,254,241,216,242,232
"201810","서울용산경찰서",901,460,238,203,2,2,2,26,190,155,118,123,77,206,36,171,89,179,426,29,143,85,0,340,44,5,32,11,1,0,150,61,122,125,135,121,121,142,135
"201810","서울은평경찰서",595,270,190,135,0,5,8,28,100,78,89,99,52,136,13,128,74,151,229,16,85,69,0,241,24,7,30,7,0,0,72,44,66,91,109,73,70,98,88
"201810","서울종로경찰서",542,280,147,115,1,2,0,13,90,69,86,86,80,115,19,105,75,121,222,15,124,38,0,181,23,7,24,11,1,0,87,31,62,74,78,80,75,95,78
"201810","서울종암경찰서",387,179,122,86,0,2,8,15,47,60,58,66,45,86,5,77,60,75,170,10,51,34,0,162,22,20,13,16,0,0,41,18,38,72,66,56,54,51,50
"201810","서울중랑경찰서",1085,534,317,234,2,7,12,66,132,132,165,191,139,239,17,252,155,215,446,31,123,86,1,468,71,13,34,4,1,0,163,90,128,140,146,148,170,183,170
"201810","서울중부경찰서",496,232,153,111,0,0,4,15,83,76,73,81,51,113,9,121,40,125,201,16,92,27,0,183,19,3,28,5,1,0,90,32,56,71,77,74,82,66,70
"201810","서울혜화경찰서",526,217,189,120,0,2,4,27,86,90,52,78,63,124,23,80,59,170,194,6,68,95,0,149,22,5,28,2,3,0,100,48,66,69,63,71,94,100,63
"201810","서해해양경비안전본부",3,1,0,2,0,0,0,0,0,0,0,1,0,2,0,0,0,0,3,1,0,0,0,0,0,0,0,0,0,0,0,2,0,2,0,0,0,1,0
"201810","속초해양경비안전서",5,5,0,0,0,0,0,0,0,1,1,1,2,0,0,0,2,0,3,0,0,0,0,2,2,0,1,0,0,0,0,0,0,0,0,1,1,2,1
"201810","여수해양경비안전서",102,21,2,79,0,0,0,0,1,2,9,4,7,79,1,12,3,6,80,2,7,0,0,13,17,0,11,0,42,0,0,10,18,12,14,20,13,12,13
"201810","완도해양경비안전서",16,1,0,15,0,0,0,0,0,0,0,0,1,15,0,0,0,0,16,0,0,0,0,1,13,0,2,0,0,0,0,0,0,8,2,2,4,0,0
"201810","울산남부경찰서",1117,454,260,403,1,3,4,41,144,132,172,128,86,406,12,203,65,247,590,30,166,141,0,328,71,13,211,5,2,0,98,52,136,130,173,161,173,180,164
"201810","울산동부경찰서",455,213,135,107,2,3,6,24,56,66,83,65,43,107,6,111,52,107,179,5,43,75,0,179,46,6,36,1,4,0,49,11,57,59,81,71,76,51,60
"201810","울산울주경찰서",572,252,149,171,1,5,1,22,70,74,91,88,50,170,9,93,39,140,291,18,101,85,0,195,48,9,73,1,2,0,31,9,83,59,67,88,89,90,96
"201810","울산중부경찰서",888,425,275,188,4,5,11,52,135,140,137,136,78,190,13,181,93,249,352,12,92,192,0,323,97,5,59,2,2,0,66,38,109,137,146,110,137,126,123
"201810","울산해양경비안전서",18,3,0,15,0,0,0,0,0,0,2,0,1,15,0,2,1,1,14,1,0,0,0,1,4,0,9,1,0,0,0,2,3,2,1,4,4,1,3
"201810","울진해양경찰서",9,1,0,8,0,0,0,0,0,0,0,0,1,8,0,0,1,0,8,0,0,0,0,1,3,0,0,0,0,0,0,5,2,0,1,3,1,1,1
"201810","인천강화경찰서",167,73,45,49,0,1,0,10,10,18,17,28,34,49,2,45,8,28,84,7,31,4,0,86,18,2,11,0,0,0,5,3,26,26,25,16,21,33,20
"201810","인천계양경찰서",760,341,233,186,0,6,17,38,127,91,122,117,54,188,15,187,93,144,321,33,94,60,0,366,58,6,45,3,1,1,55,38,104,114,103,107,108,124,100
"201810","인천남동경찰서",1078,449,308,321,6,6,4,49,186,131,135,157,82,322,26,273,104,179,496,21,103,54,0,506,47,11,46,4,4,0,77,205,135,131,140,163,174,199,136
"201810","인천남부경찰서",1243,569,352,322,3,8,9,63,188,180,190,166,113,323,33,282,137,293,498,34,198,79,4,512,61,17,61,3,9,0,184,81,145,180,196,194,212,173,143
"201810","인천논현경찰서",553,254,150,149,3,2,4,25,69,81,86,90,41,152,12,109,68,114,250,32,77,32,0,256,45,10,36,1,5,0,37,22,62,95,73,79,81,95,68
"201810","인천부평경찰서",751,328,216,207,3,3,7,38,118,87,105,119,63,208,13,167,104,152,315,20,90,68,4,278,46,13,77,3,0,1,95,56,99,112,121,123,100,99,97
"201810","인천삼산경찰서",731,328,220,183,2,2,7,50,130,88,100,103,64,185,20,208,100,150,253,19,114,59,0,337,56,6,48,2,5,0,69,16,82,112,102,100,107,122,106
"201810","인천서부경찰서",1336,635,350,351,3,5,10,44,175,188,227,231,98,355,20,313,103,348,552,69,254,134,1,520,89,7,77,8,0,2,129,46,127,198,196,207,213,228,167
"201810","인천연수경찰서",601,257,179,165,3,7,10,22,82,105,100,68,37,167,8,103,43,192,255,24,130,76,0,210,42,9,40,3,2,0,39,26,64,86,99,106,102,93,51
"201810","인천중부경찰서",987,380,232,375,5,1,9,25,110,124,110,141,83,379,17,157,85,253,475,27,115,117,0,323,73,20,98,6,5,0,77,126,100,170,146,142,140,147,142
"201810","인천해양경비안전서",86,36,2,48,0,0,0,0,2,1,3,31,1,48,0,5,0,3,78,0,0,0,0,8,4,4,3,0,62,1,0,4,11,7,11,12,12,12,21
"201810","전남강진경찰서",93,39,29,25,0,2,0,5,4,10,8,19,20,25,1,13,9,11,59,3,14,1,0,35,32,1,4,1,0,0,1,1,7,17,14,13,14,14,14
"201810","전남고흥경찰서",130,75,38,17,0,0,1,3,9,14,21,35,30,17,3,37,27,18,45,6,29,2,0,64,19,1,1,0,3,0,4,1,13,23,27,13,18,18,18
"201810","전남곡성경찰서",45,17,17,11,0,3,1,1,0,1,9,6,13,11,1,13,6,0,25,4,8,2,0,12,9,0,0,6,0,0,1,3,5,5,8,5,12,3,7
"201810","전남광양경찰서",415,163,129,123,3,5,1,9,38,71,58,68,39,123,5,67,33,73,237,15,68,44,0,137,78,5,44,3,0,0,15,6,40,61,64,61,69,65,55
"201810","전남구례경찰서",62,30,18,14,0,0,1,2,2,9,10,8,16,14,2,15,3,7,35,3,9,4,0,28,7,0,0,0,1,0,3,7,7,5,12,10,4,9,15
"201810","전남나주경찰서",249,106,65,78,0,1,1,9,21,36,33,32,38,78,4,39,30,33,143,8,42,17,0,100,49,2,18,0,2,0,4,7,25,44,49,29,34,35,33
"201810","전남담양경찰서",121,52,44,25,1,1,1,1,7,11,18,27,29,25,1,27,11,5,77,11,23,3,0,54,16,0,4,0,0,0,4,6,17,14,23,18,14,24,11
"201810","전남목포경찰서",901,447,245,209,3,9,11,42,98,123,145,155,106,209,16,210,102,186,387,14,133,109,0,397,97,11,35,5,2,0,57,41,101,172,137,125,132,138,96
"201810","전남무안경찰서",217,77,53,87,1,2,0,5,17,18,33,27,27,87,3,40,32,22,120,12,29,9,0,82,30,6,12,1,0,0,3,33,23,37,33,20,38,44,22
"201810","전남보성경찰서",80,35,27,18,0,0,1,3,4,8,14,12,20,18,1,11,4,13,51,2,15,6,0,24,19,1,8,2,1,0,1,1,4,21,12,14,3,16,10
"201810","전남순천경찰서",691,284,177,230,2,6,8,27,64,74,102,93,84,231,15,140,41,86,409,13,94,38,1,292,74,1,94,0,5,0,30,49,86,93,101,86,121,109,95
"201810","전남여수경찰서",851,360,220,271,1,7,8,16,90,128,126,119,84,272,13,171,73,125,469,25,93,54,0,380,94,3,35,3,1,2,49,112,107,110,125,113,142,130,124
"201810","전남영광경찰서",112,56,21,35,0,1,1,4,14,10,16,19,10,37,2,17,11,13,69,5,12,9,0,49,21,0,9,1,1,0,4,1,13,21,13,16,14,19,16
"201810","전남영암경찰서",175,73,48,54,0,1,0,5,9,23,26,34,22,55,3,35,18,22,97,11,21,5,0,65,17,3,9,0,1,0,7,36,21,33,25,24,26,27,19
"201810","전남완도경찰서",121,65,32,24,1,1,1,6,12,17,16,27,16,24,2,32,16,14,57,1,20,13,0,51,11,1,7,1,2,0,11,3,13,23,24,20,9,14,18
"201810","전남장성경찰서",106,57,26,23,0,0,0,1,8,13,21,14,26,23,2,11,14,15,64,13,20,6,0,40,17,5,1,1,0,0,1,2,7,10,20,22,14,14,19
"201810","전남장흥경찰서",115,55,35,25,0,2,1,7,9,11,13,23,24,25,3,33,8,16,55,5,14,10,0,58,18,0,7,0,0,0,1,2,18,27,15,14,14,14,13
"201810","전남진도경찰서",99,54,15,30,0,4,0,2,2,8,12,20,21,30,2,14,9,12,62,2,29,2,0,28,17,0,11,0,0,0,5,5,13,13,19,15,17,9,13
"201810","전남함평경찰서",52,28,12,12,1,1,0,1,7,1,8,11,10,12,1,11,2,9,29,1,8,7,0,20,10,1,0,0,0,0,4,1,7,7,10,2,7,9,10
"201810","전남해남경찰서",156,63,39,54,0,0,0,2,7,17,23,30,23,54,3,33,5,17,98,4,20,5,0,56,33,0,13,0,0,0,14,11,19,27,18,23,24,23,22
"201810","전남화순경찰서",112,52,33,27,1,0,3,6,11,10,16,21,17,27,4,18,5,25,60,2,21,10,0,47,12,1,10,0,0,0,5,4,17,22,18,16,15,17,7
"201810","전북고창경찰서",122,43,44,35,0,1,3,12,12,8,20,13,18,35,2,20,4,38,58,6,35,19,0,26,12,2,9,0,3,0,4,6,14,25,20,20,17,14,12
"201810","전북군산경찰서",670,318,178,174,2,3,6,31,83,96,97,100,78,174,18,117,69,158,308,18,154,62,0,208,99,17,41,0,0,0,31,40,85,101,67,112,100,114,91
"201810","전북김제경찰서",180,74,41,65,0,3,1,0,10,16,20,32,33,65,1,27,8,32,112,9,34,11,0,68,25,3,16,2,0,0,4,8,22,20,36,22,25,30,25
"201810","전북남원경찰서",188,79,55,54,1,2,1,9,17,24,24,28,28,54,1,38,22,34,93,6,32,19,0,56,40,2,12,0,4,0,11,6,30,28,25,32,23,25,25
"201810","전북무주경찰서",83,33,20,30,0,1,0,1,4,6,10,12,18,31,0,8,4,19,52,4,21,0,0,17,22,4,10,1,0,0,0,4,13,11,16,18,6,9,10
"201810","전북부안경찰서",97,33,32,32,0,2,0,0,4,7,17,17,18,32,1,16,4,17,59,6,20,2,0,31,28,1,2,0,0,0,2,5,9,9,12,23,13,18,13
"201810","전북순창경찰서",45,17,15,13,0,0,1,1,0,3,11,5,11,13,0,6,4,8,27,1,9,3,0,9,5,3,1,0,0,0,1,13,3,6,9,5,10,7,5
"201810","전북완주경찰서",213,87,68,58,0,1,2,4,13,25,25,47,38,58,4,46,45,31,87,17,34,13,0,79,19,7,11,3,16,0,7,7,25,30,24,30,42,38,24
"201810","전북익산경찰서",605,284,177,144,2,8,4,39,81,95,85,86,60,145,14,150,32,122,287,28,103,56,0,248,65,11,17,1,1,0,29,46,77,92,72,94,108,85,77
"201810","전북임실경찰서",45,21,14,10,0,0,0,0,3,2,5,15,10,10,1,10,5,7,22,3,8,2,0,19,7,0,3,0,0,0,0,3,4,8,2,8,5,12,6
"201810","전북장수경찰서",30,13,9,8,0,0,0,0,0,1,3,8,9,9,0,4,5,4,17,2,7,1,0,8,3,0,3,1,0,0,0,5,4,5,3,6,3,8,1
"201810","전북전주덕진경찰서",653,299,218,136,3,2,9,39,105,77,83,130,69,136,11,127,68,125,322,24,123,48,0,288,55,16,44,1,2,0,13,39,87,113,89,97,81,104,82
"201810","전북전주완산경찰서",816,341,232,243,2,3,3,38,108,98,124,108,88,244,18,149,56,171,422,21,137,84,0,313,91,33,54,5,2,0,40,36,79,108,125,128,137,132,107
"201810","전북정읍경찰서",264,144,69,51,0,3,3,8,30,29,58,42,39,52,2,51,39,44,128,4,35,27,0,102,43,15,3,3,2,0,4,26,22,43,41,36,41,44,37
"201810","전북진안경찰서",35,17,8,10,0,0,0,1,0,2,5,6,11,10,0,9,3,8,15,6,6,5,0,8,5,0,1,3,0,0,1,0,1,7,5,6,6,6,4
"201810","제주동부경찰서",962,499,298,165,4,10,8,65,125,155,168,163,95,169,17,199,102,211,433,24,182,119,0,412,54,5,49,2,1,1,71,42,131,123,134,146,155,167,106
"201810","제주서귀포경찰서",487,225,152,110,1,5,3,17,54,61,87,84,64,111,11,120,38,86,232,14,91,21,0,217,56,1,35,3,1,1,28,19,67,62,67,69,90,61,71
"201810","제주서부경찰서",831,392,258,181,3,4,8,31,92,142,150,119,98,184,17,221,98,140,355,26,163,47,0,401,28,5,66,1,8,0,69,17,114,126,112,115,126,139,99
"201810","제주해양경비안전본부",3,1,0,2,0,0,0,0,0,0,1,0,0,2,0,0,0,1,2,0,0,0,0,1,0,1,0,0,0,0,0,1,0,0,1,1,1,0,0
"201810","제주해양경비안전서",191,12,0,179,0,0,0,0,1,2,5,3,1,179,0,0,2,3,186,0,0,0,0,7,9,1,13,0,161,0,0,0,3,170,8,2,4,1,3
"201810","중부해양경비안전본부",2,0,0,2,0,0,0,0,0,0,0,0,0,2,0,0,0,0,2,0,0,0,0,0,0,0,0,0,0,0,0,2,0,0,0,1,0,0,1
"201810","창원해양경비안전서",23,1,1,21,0,0,0,0,1,0,0,1,0,21,0,0,0,0,23,0,0,0,0,1,4,1,3,0,3,0,0,11,3,5,5,1,3,2,4
"201810","충남공주경찰서",296,159,61,76,1,2,3,10,27,25,47,48,57,76,2,45,29,59,161,12,74,10,0,84,59,4,25,0,0,0,5,23,40,50,46,33,48,42,37
"201810","충남금산경찰서",119,52,32,35,0,0,0,2,4,10,17,23,28,35,2,19,12,25,61,7,32,6,0,29,24,2,12,0,0,0,0,7,14,19,17,14,16,21,18
"201810","충남논산경찰서",365,175,79,111,1,0,4,10,32,30,54,73,50,111,3,54,39,85,184,18,79,30,0,126,43,1,41,7,1,0,12,7,46,57,56,56,53,50,47
"201810","충남당진경찰서",505,218,115,172,2,0,6,13,46,76,75,59,57,171,9,78,53,89,276,15,57,57,0,189,88,6,58,1,3,0,19,12,61,70,79,54,93,81,67
"201810","충남보령경찰서",377,156,88,133,0,4,2,19,64,37,46,35,37,133,5,48,35,97,192,22,56,72,0,82,79,1,34,1,1,0,12,17,45,51,58,49,55,64,55
"201810","충남부여경찰서",147,54,38,55,0,0,1,0,3,9,24,28,27,55,3,25,20,16,83,7,24,4,0,54,18,3,30,0,0,1,4,2,21,21,24,20,15,27,19
"201810","충남서산경찰서",454,218,124,112,2,2,3,11,51,72,88,70,42,113,12,103,56,89,194,20,92,39,0,166,47,2,40,4,14,0,17,13,49,70,69,59,76,76,55
"201810","충남서천경찰서",160,75,40,45,0,0,1,2,11,8,28,33,32,45,0,29,18,25,88,11,30,2,0,58,26,1,21,7,0,0,0,4,23,26,26,18,22,22,23
"201810","충남세종경찰서",509,242,144,123,3,5,12,24,58,72,87,69,55,124,9,85,73,124,218,32,114,53,0,186,66,5,30,0,0,0,12,11,57,78,87,78,72,76,61
"201810","충남아산경찰서",782,349,175,258,2,10,5,29,78,100,124,109,63,262,20,176,75,148,363,19,140,54,0,317,88,6,82,3,2,0,35,36,95,113,113,128,127,111,95
"201810","충남예산경찰서",211,91,50,70,1,0,3,2,14,22,25,34,40,70,2,42,12,39,116,6,27,16,0,72,52,2,13,0,0,0,7,16,22,21,31,27,44,40,26
"201810","충남천안동남경찰서",869,362,226,281,3,4,4,27,121,99,129,117,80,285,11,175,97,164,422,35,119,94,1,372,56,4,114,0,4,2,37,31,94,144,129,105,115,176,106
"201810","충남천안서북경찰서",1120,544,263,313,3,4,13,37,212,189,155,118,73,316,20,237,164,187,512,19,134,102,0,602,78,4,113,0,2,0,33,33,140,151,145,158,171,216,139
"201810","충남청양경찰서",80,39,20,21,0,0,0,2,6,9,13,16,13,21,0,16,11,10,43,3,18,9,0,24,15,0,4,1,0,0,2,4,7,11,10,15,17,11,9
"201810","충남태안경찰서",215,104,43,68,0,1,0,7,15,26,30,31,34,71,4,40,24,37,110,24,35,16,0,69,30,2,18,4,0,0,8,9,40,30,31,21,30,36,27
"201810","충남홍성경찰서",265,106,75,84,1,0,1,21,24,23,29,43,39,84,2,53,28,53,129,18,54,12,0,100,27,2,32,4,3,0,8,5,31,45,42,34,45,37,31
"201810","충북괴산경찰서",168,74,56,38,1,4,2,2,9,14,30,35,33,38,7,25,2,27,107,10,21,9,0,85,21,2,6,0,0,0,9,5,21,20,23,30,23,29,22
"201810","충북단양경찰서",79,38,17,24,2,1,0,2,4,6,12,17,11,24,0,19,4,9,47,2,14,3,0,25,12,3,3,0,0,0,4,13,17,13,8,5,10,13,13
"201810","충북보은경찰서",58,25,17,16,1,0,1,2,8,1,5,15,9,16,1,15,3,4,35,2,14,4,0,14,12,0,5,0,0,0,5,2,9,10,10,9,10,6,4
"201810","충북영동경찰서",83,35,19,29,0,1,0,1,5,7,11,19,10,29,0,12,2,16,53,5,16,6,0,19,19,4,7,0,0,0,6,1,7,14,12,14,13,15,8
"201810","충북옥천경찰서",102,45,21,36,1,3,0,2,8,6,17,19,10,36,0,17,8,17,60,11,17,10,0,29,16,0,9,1,1,0,2,6,9,10,17,13,8,27,18
"201810","충북음성경찰서",376,158,76,142,3,0,2,18,28,45,52,54,32,142,6,61,32,58,219,23,57,16,0,140,40,10,55,0,6,0,18,11,41,44,54,48,64,61,64
"201810","충북제천경찰서",316,124,105,87,0,5,1,13,26,38,48,57,39,89,8,63,16,62,167,7,50,38,0,119,28,4,30,0,3,0,13,24,26,52,61,39,56,38,44
"201810","충북진천경찰서",263,108,70,85,1,3,0,4,27,29,36,48,30,85,5,42,22,49,145,6,33,18,0,92,30,3,30,2,2,0,18,29,24,36,44,30,46,40,43
"201810","충북청주상당경찰서",730,351,213,166,0,1,6,34,98,96,119,121,88,167,17,144,86,150,333,18,85,68,0,373,50,11,42,0,5,0,37,41,106,96,117,97,117,113,84
"201810","충북청주청원경찰서",802,375,202,225,3,3,5,45,116,109,114,108,71,228,11,179,62,122,428,14,117,61,0,327,83,8,79,3,2,0,52,56,91,125,128,102,125,129,102
"201810","충북청주흥덕경찰서",977,466,230,281,1,5,5,34,146,156,154,130,65,281,13,160,93,169,542,26,144,77,0,414,68,10,111,4,4,0,58,61,116,138,138,133,136,164,152
"201810","충북충주경찰서",587,273,166,148,2,2,5,23,71,69,98,99,70,148,5,85,89,112,296,10,106,38,0,208,66,22,38,0,9,0,19,71,69,89,80,80,77,95,97
"201810","태안해양경비안전서",26,4,0,22,0,0,0,0,1,1,0,0,2,22,0,1,0,2,23,0,3,0,0,1,4,0,15,0,0,0,2,1,4,5,3,5,3,0,6
"201810","통영해양경비안전서",48,11,2,35,0,0,0,0,1,0,4,6,2,35,0,0,1,6,41,0,6,0,0,2,22,1,15,0,0,0,0,2,9,4,11,10,2,8,4
"201810","평택해양경비안전서",30,4,0,26,0,0,0,0,0,0,3,1,0,26,0,1,0,1,28,0,1,0,0,2,4,2,3,0,15,0,1,2,1,6,3,5,1,8,6
"201810","포항해양경비안전서",15,4,0,11,0,0,0,0,0,0,2,0,2,11,0,1,2,1,11,0,1,0,0,3,3,0,7,0,0,0,0,1,2,3,1,4,1,0,4
"201810","해양경비안전본부",7,0,0,7,0,0,0,0,0,0,0,0,0,7,0,0,0,4,3,0,0,0,0,0,0,1,0,0,6,0,0,0,0,0,7,0,0,0,0
