"201912","강원강릉경찰서",532,250,163,119,1,3,9,22,68,62,87,82,77,121,9,96,78,125,224,15,94,61,0,248,53,4,18,0,6,0,16,17,79,72,73,70,84,79,75
"201912","강원고성경찰서",78,36,18,24,0,0,0,0,9,6,8,19,12,24,1,11,10,17,39,5,18,5,0,28,9,0,7,1,0,0,2,3,10,18,13,5,4,16,12
"201912","강원동해경찰서",182,78,56,48,0,2,4,6,8,18,34,31,31,48,4,42,10,33,93,7,31,3,0,77,38,5,9,0,0,0,12,0,22,28,16,23,29,37,27
"201912","강원삼척경찰서",144,57,55,32,1,2,2,5,14,9,23,29,27,32,5,33,9,24,73,3,17,5,0,80,21,2,3,0,2,0,6,5,11,28,19,21,25,20,20
"201912","강원속초경찰서",286,140,74,72,1,1,1,6,24,36,45,51,49,72,1,57,30,52,146,9,46,22,0,128,24,0,29,0,0,0,21,7,35,39,50,44,30,45,43
"201912","강원양구경찰서",28,16,5,7,0,0,1,2,4,1,2,4,7,7,0,6,1,1,20,1,7,3,0,4,6,1,1,1,0,0,0,4,5,3,2,4,3,10,1
"201912","강원영월경찰서",65,22,31,12,0,0,0,2,4,3,11,14,19,12,2,5,4,18,36,1,7,2,0,33,14,0,2,2,2,0,0,2,4,10,6,7,11,16,11
"201912","강원원주경찰서",1056,461,317,278,3,4,7,37,149,152,170,142,111,281,15,127,89,328,497,46,164,189,0,422,93,12,41,10,1,0,32,46,114,168,181,170,151,151,121
"201912","강원인제경찰서",52,18,12,22,0,1,0,1,5,2,6,7,8,22,2,5,3,17,25,1,13,4,0,16,11,1,4,0,0,0,2,0,11,6,5,8,7,6,9
"201912","강원정선경찰서",131,59,24,48,0,0,0,1,5,15,20,22,19,49,0,20,22,26,63,16,32,7,0,46,13,0,10,1,0,0,1,5,19,17,15,16,28,24,12
"201912","강원철원경찰서",76,39,21,16,1,1,1,1,11,7,5,19,14,16,0,12,10,21,33,7,19,9,0,13,16,0,1,0,1,0,0,10,8,13,18,8,10,15,4
"201912","강원춘천경찰서",700,336,196,168,0,7,5,39,103,100,98,99,80,169,10,127,83,131,349,28,126,64,1,327,50,6,39,1,0,0,33,25,66,87,125,104,102,119,97
"201912","강원태백경찰서",93,35,30,28,1,1,2,2,2,6,18,19,14,28,7,16,5,9,56,4,23,4,0,29,16,1,5,3,3,0,2,3,11,12,15,6,23,16,10
"201912","강원평창경찰서",96,46,15,35,0,0,2,0,4,4,8,24,18,36,0,11,2,24,59,10,24,5,0,29,15,0,7,3,0,0,2,1,12,8,26,17,7,19,7
"201912","강원홍천경찰서",229,91,58,80,0,1,2,6,17,9,31,38,43,82,4,43,17,37,128,15,38,21,0,68,38,1,27,0,0,0,6,15,35,30,41,36,35,29,23
"201912","강원화천경찰서",45,18,15,12,0,0,0,1,3,7,6,5,11,12,0,4,9,7,25,5,10,2,0,20,3,0,2,0,2,0,0,1,7,12,8,2,6,6,4
"201912","강원횡성경찰서",104,40,19,45,1,1,2,0,4,4,16,14,16,46,3,14,9,18,60,8,22,7,0,28,22,0,10,2,0,0,3,2,18,16,15,13,13,19,10
"201912","경기가평경찰서",182,89,41,52,0,1,2,8,22,22,24,33,18,52,4,32,10,42,94,17,62,7,0,54,16,1,11,1,1,0,9,3,28,16,25,27,28,24,34
"201912","경기고양경찰서",943,444,274,225,0,10,12,42,126,136,141,146,102,228,11,184,81,235,432,77,154,114,0,407,61,3,21,4,2,0,62,38,100,140,135,147,148,152,121
"201912","경기과천경찰서",143,72,32,39,0,0,1,5,15,19,16,32,14,41,1,14,24,27,77,4,28,12,0,45,10,1,3,4,0,0,3,33,24,19,21,18,14,22,25
"201912","경기광명경찰서",788,401,227,160,3,5,17,42,112,115,108,124,99,163,8,144,142,144,350,21,98,97,0,398,48,1,39,11,1,0,48,26,95,131,118,99,115,131,99
"201912","경기광주경찰서",876,375,250,251,4,11,6,31,100,129,124,122,96,253,8,155,81,178,454,35,124,101,0,378,89,15,45,4,9,0,25,51,92,139,132,152,149,111,101
"201912","경기구리경찰서",614,283,150,181,0,4,10,26,73,64,95,108,53,181,5,120,81,133,275,32,78,69,0,260,29,5,59,2,0,0,37,43,85,86,91,89,93,97,73
"201912","경기군포경찰서",422,210,145,67,1,7,7,23,72,57,58,77,54,66,7,92,53,116,154,14,49,55,0,207,20,0,5,2,0,0,42,28,53,51,63,58,68,70,59
"201912","경기김포경찰서",889,399,259,231,3,5,11,31,88,129,161,132,96,233,10,134,102,247,396,34,142,127,0,351,56,4,47,5,0,2,32,89,103,115,120,154,131,136,130
"201912","경기남양주경찰서",1199,536,351,312,3,9,12,41,137,164,198,188,133,314,15,190,124,286,584,72,232,115,0,528,67,8,75,2,0,0,46,54,131,190,173,185,179,208,133
"201912","경기동두천경찰서",278,145,74,59,1,2,2,13,38,30,45,51,36,60,8,62,19,74,115,11,53,23,0,116,9,4,16,0,0,0,31,15,32,43,46,35,34,43,45
"201912","경기부천소사경찰서",596,289,213,94,0,3,7,37,94,93,88,95,85,94,5,126,91,180,194,13,75,123,0,257,17,7,12,4,0,0,71,17,68,86,95,90,82,100,75
"201912","경기부천오정경찰서",373,198,103,72,1,4,3,14,49,51,62,74,43,72,7,83,40,87,156,13,63,43,0,164,23,1,14,4,1,0,39,8,48,48,52,50,58,62,55
"201912","경기부천원미경찰서",1559,776,481,302,4,9,18,76,264,238,240,257,150,303,28,223,227,433,648,35,212,237,1,756,84,7,65,11,2,0,86,63,206,228,197,221,224,242,241
"201912","경기분당경찰서",1045,489,312,244,1,7,8,53,169,160,151,148,102,246,17,137,125,310,456,20,197,165,0,413,69,12,73,1,11,0,22,62,95,151,181,166,178,156,118
"201912","경기성남수정경찰서",659,315,207,137,0,4,5,25,102,80,89,122,95,137,9,114,118,151,267,18,82,58,0,321,35,15,32,9,3,0,63,23,87,90,100,94,95,111,82
"201912","경기성남중원경찰서",714,329,213,172,4,7,3,38,122,108,84,100,76,172,9,112,46,227,320,19,67,149,0,242,30,15,41,0,1,0,77,73,75,113,112,81,130,98,105
"201912","경기수원남부경찰서",1635,750,463,422,4,16,23,80,315,278,203,200,93,423,38,290,223,355,729,25,193,167,0,771,137,14,161,4,18,0,94,51,200,224,230,253,238,258,232
"201912","경기수원서부경찰서",1056,502,274,280,2,9,10,48,154,125,162,145,117,284,5,171,177,205,498,17,144,44,1,543,81,2,43,3,2,0,56,120,126,133,135,118,142,268,134
"201912","경기수원중부경찰서",1064,477,373,214,1,9,9,56,193,156,165,158,102,215,16,167,121,302,458,24,109,190,1,454,65,7,73,20,3,0,61,57,140,164,165,150,158,148,139
"201912","경기시흥경찰서",1913,922,533,458,6,20,31,72,256,313,343,269,143,460,38,384,313,362,816,56,212,144,0,978,150,24,170,5,0,0,127,47,257,255,270,291,241,310,289
"201912","경기안산단원경찰서",1179,577,328,274,4,10,10,55,209,151,195,181,87,277,19,210,164,232,554,31,136,106,1,571,89,9,75,3,2,0,103,53,169,181,184,173,171,151,150
"201912","경기안산상록경찰서",1021,529,328,164,0,11,13,68,161,166,176,178,80,168,14,163,144,251,449,16,90,113,0,573,83,2,23,9,2,0,70,40,142,152,150,153,125,162,137
"201912","경기안성경찰서",541,229,149,163,0,5,4,24,64,65,74,81,61,163,6,89,73,107,266,44,67,46,0,247,50,2,39,7,0,0,15,24,65,84,73,85,75,87,72
"201912","경기안양동안경찰서",573,249,207,117,1,6,11,28,90,79,100,85,55,118,9,82,48,156,278,17,121,54,0,230,22,4,31,7,0,0,48,39,74,76,84,98,88,100,53
"201912","경기안양만안경찰서",556,271,162,123,0,3,4,17,93,67,70,101,76,125,9,153,69,135,190,18,104,56,0,235,34,2,22,3,0,0,61,21,69,74,87,77,82,91,76
"201912","경기양주경찰서",496,212,128,156,2,3,7,22,41,62,74,79,47,159,5,82,24,97,288,37,73,25,0,221,37,1,45,3,0,0,30,24,51,68,77,79,72,82,67
"201912","경기양평경찰서",322,142,85,95,1,1,1,3,24,24,52,61,60,95,2,50,12,80,178,25,100,16,0,108,22,2,19,0,0,0,9,21,48,51,45,49,45,40,44
"201912","경기여주경찰서",328,131,86,111,0,3,1,17,31,46,39,49,30,112,8,44,28,64,184,15,38,27,0,120,31,17,39,0,4,0,7,30,47,42,52,48,32,54,53
"201912","경기연천경찰서",95,45,24,26,0,0,3,2,7,9,18,15,15,26,0,15,8,19,53,12,30,8,0,20,11,0,1,1,0,0,6,6,14,12,21,15,15,10,8
"201912","경기오산경찰서",749,364,231,154,4,7,9,47,116,133,118,94,68,153,8,152,165,124,300,21,52,54,0,455,40,2,23,3,0,0,47,52,102,92,116,118,98,117,106
"201912","경기용인동부경찰서",1286,618,393,275,2,13,32,68,202,179,198,199,115,278,28,188,187,272,611,59,155,125,0,676,108,16,54,8,3,0,39,43,144,199,179,192,205,200,167
"201912","경기용인서부경찰서",649,299,221,129,4,10,8,24,90,90,120,112,62,129,11,85,61,168,324,21,106,105,0,300,39,2,31,1,0,0,14,30,58,106,103,89,103,105,85
"201912","경기의왕경찰서",261,131,69,61,4,1,2,12,36,33,38,49,24,62,4,37,18,69,133,13,39,46,0,99,31,1,10,3,0,0,13,6,34,37,39,34,44,41,32
"201912","경기의정부경찰서",1263,577,406,280,2,14,11,77,164,173,177,219,146,280,22,263,139,310,529,41,178,122,0,563,98,8,68,1,1,0,121,62,155,182,194,167,183,198,184
"201912","경기이천경찰서",880,433,236,211,4,7,7,43,128,132,129,118,101,211,15,198,168,134,365,44,88,63,0,499,63,8,51,0,0,0,47,17,125,135,122,125,134,118,121
"201912","경기일산동부경찰서",843,360,254,229,1,5,8,36,124,120,118,127,70,234,9,126,68,236,404,35,183,77,0,372,52,6,38,2,0,0,44,34,107,129,126,114,127,133,107
"201912","경기일산서부경찰서",537,250,130,157,0,3,8,19,67,76,83,80,42,159,2,70,42,158,265,44,97,89,0,204,29,0,35,1,0,0,17,21,61,85,78,95,86,80,52
"201912","경기파주경찰서",994,437,257,300,2,5,18,34,108,142,127,150,106,302,11,165,71,242,505,50,211,80,0,440,50,2,107,2,0,0,37,15,109,150,146,162,151,150,126
"201912","경기평택경찰서",2028,957,507,564,0,18,16,58,318,287,326,283,155,567,18,335,226,489,960,57,226,243,3,808,97,9,242,3,22,1,109,208,235,271,294,323,319,316,270
"201912","경기포천경찰서",515,208,141,166,0,5,2,24,57,46,54,93,67,167,8,91,30,96,290,56,85,33,0,213,41,6,37,2,0,0,35,7,63,88,74,60,63,84,83
"201912","경기하남경찰서",541,253,172,116,3,4,10,13,66,81,99,86,63,116,9,76,50,130,276,35,102,65,0,240,25,1,27,1,6,0,23,16,59,86,74,79,79,94,70
"201912","경기화성동탄경찰서",1186,632,307,247,4,14,13,36,191,221,222,155,81,249,10,306,156,251,463,35,186,72,0,673,90,10,38,0,2,1,46,33,121,153,178,195,191,191,157
"201912","경기화성서부경찰서",965,448,216,301,1,5,7,24,108,134,144,153,88,301,8,173,112,225,447,98,119,108,0,464,48,1,61,3,0,0,23,40,110,138,126,141,164,153,133
"201912","경남거제경찰서",583,249,170,164,1,7,2,22,57,81,113,81,51,168,4,99,46,138,296,28,98,66,0,221,49,4,57,0,0,1,19,40,60,76,92,94,84,94,83
"201912","경남거창경찰서",133,62,34,37,0,0,4,1,8,13,19,25,26,37,1,22,17,41,52,12,35,15,0,38,21,0,8,0,0,0,1,3,15,21,13,24,20,23,17
"201912","경남고성경찰서",173,92,51,30,3,1,3,3,18,13,26,34,42,30,4,21,16,44,88,6,44,33,0,58,21,0,6,0,0,0,3,2,11,23,30,37,27,25,20
"201912","경남김해서부경찰서",624,282,171,171,3,4,7,27,72,69,136,92,39,175,7,104,47,200,266,39,130,97,0,221,43,2,60,2,5,0,18,7,67,89,88,100,90,112,78
"201912","경남김해중부경찰서",787,364,249,174,1,4,7,35,115,112,129,137,72,175,17,160,92,194,324,24,128,99,0,330,45,1,49,9,20,0,59,23,91,118,107,121,119,136,95
"201912","경남남해경찰서",85,35,26,24,0,2,0,4,8,4,5,16,22,24,1,17,8,12,47,3,19,4,1,24,22,1,7,1,0,0,2,1,9,13,18,14,9,12,10
"201912","경남마산동부경찰서",394,196,118,80,1,3,8,23,53,56,54,60,55,81,8,93,66,97,130,11,54,44,0,184,20,5,27,5,2,0,26,16,44,69,66,59,48,59,49
"201912","경남마산중부경찰서",377,160,86,131,0,2,3,11,26,47,47,48,62,131,5,53,17,88,214,14,72,23,0,131,19,1,53,8,5,0,19,32,55,50,43,58,57,49,65
"201912","경남밀양경찰서",199,106,54,39,0,1,3,2,15,21,24,42,52,39,3,31,21,52,92,10,56,19,0,74,8,4,12,4,0,0,4,8,22,40,31,24,29,28,25
"201912","경남사천경찰서",280,110,92,78,0,4,2,7,22,34,39,47,47,78,4,56,14,65,141,5,41,34,0,88,51,1,33,0,0,0,8,19,39,30,31,44,49,53,34
"201912","경남산청경찰서",54,31,18,5,0,0,1,1,3,2,12,13,17,5,1,10,8,12,23,3,6,3,0,22,12,3,2,1,1,0,1,0,4,9,10,8,8,7,8
"201912","경남양산경찰서",786,303,206,277,4,3,7,25,108,123,88,89,60,279,8,99,58,234,387,48,142,153,0,241,38,1,132,2,4,2,12,11,84,109,140,134,129,113,77
"201912","경남의령경찰서",74,29,27,18,1,0,0,0,2,9,6,15,23,18,0,13,5,23,33,2,20,1,0,29,14,0,0,4,1,0,2,1,6,14,10,13,9,14,8
"201912","경남진주경찰서",752,367,209,176,2,4,4,19,103,97,126,136,84,177,5,167,88,214,278,23,137,122,0,282,70,5,59,4,5,0,27,18,103,114,111,108,108,99,109
"201912","경남진해경찰서",379,212,104,63,0,5,8,15,38,63,75,69,41,65,2,71,56,70,180,12,52,37,0,187,35,1,9,0,2,0,19,25,39,52,54,50,50,76,58
"201912","경남창녕경찰서",159,81,33,45,1,1,0,1,11,14,28,32,23,48,1,11,13,45,89,10,52,16,0,38,10,1,6,1,0,0,1,24,19,28,21,26,13,29,23
"201912","경남창원서부경찰서",524,253,137,134,2,4,2,12,59,73,84,94,60,134,3,98,53,151,219,12,76,81,0,220,51,3,42,0,0,0,24,15,59,78,77,79,77,90,64
"201912","경남창원중부경찰서",654,314,207,133,2,2,5,26,134,113,92,90,56,134,9,108,88,217,232,16,117,98,0,275,34,7,20,0,34,0,22,31,84,114,110,86,99,77,84
"201912","경남통영경찰서",356,169,93,94,0,1,1,11,40,43,70,56,40,94,5,67,30,86,168,9,81,35,0,143,35,4,35,1,0,0,6,7,39,49,58,58,50,48,54
"201912","경남하동경찰서",90,44,21,25,0,1,0,1,7,9,14,20,13,25,1,8,7,27,47,4,15,13,0,27,12,0,15,0,0,0,1,3,8,14,18,14,15,7,14
"201912","경남함안경찰서",120,56,19,45,1,1,0,0,8,9,21,21,13,46,1,8,4,28,79,14,30,10,0,23,20,1,9,0,0,0,3,10,15,11,23,24,14,23,10
"201912","경남함양경찰서",66,24,17,25,0,0,0,0,3,5,7,11,15,25,0,8,5,16,37,5,15,3,0,21,10,1,10,0,0,0,1,0,7,10,17,9,6,6,11
"201912","경남합천경찰서",90,31,32,27,0,1,0,1,5,5,10,19,22,27,2,14,9,16,49,12,19,4,0,25,19,0,3,1,4,0,1,2,9,17,16,16,14,9,9
"201912","경북경산경찰서",582,277,178,127,2,6,6,25,92,81,80,100,63,127,5,109,73,120,275,16,98,45,2,267,50,1,19,2,6,0,32,44,66,105,96,77,83,84,71
"201912","경북경주경찰서",803,387,236,180,2,4,6,35,102,123,117,115,118,181,11,113,60,296,323,24,107,183,0,328,59,1,52,1,1,0,21,26,102,120,106,118,133,131,93
"201912","경북고령경찰서",65,24,16,25,0,3,0,1,2,7,6,15,6,25,4,2,14,14,31,8,13,7,0,18,7,4,0,0,6,0,0,2,6,22,0,9,8,8,12
"201912","경북구미경찰서",1078,519,288,271,1,7,12,60,170,163,186,133,72,274,15,131,130,311,491,36,197,171,0,435,90,2,43,8,10,0,33,53,119,137,141,176,153,184,168
"201912","경북군위경찰서",52,26,14,12,0,0,0,0,6,8,5,13,8,12,1,10,7,7,27,7,14,3,0,18,2,0,0,0,0,0,0,8,4,11,10,6,8,8,5
"201912","경북김천경찰서",317,143,110,64,2,1,1,26,30,47,44,55,45,66,2,58,28,77,152,11,57,36,0,136,39,2,13,3,1,0,3,16,23,46,54,38,50,55,51
"201912","경북문경경찰서",140,60,42,38,0,2,4,7,10,7,18,20,34,38,3,21,12,24,80,4,31,8,0,42,28,2,3,4,0,0,4,14,18,14,23,22,25,20,18
"201912","경북봉화경찰서",42,16,16,10,0,0,0,0,3,2,1,9,17,10,0,14,4,4,20,0,5,1,0,28,3,1,2,0,0,0,2,0,7,3,9,8,4,4,7
"201912","경북상주경찰서",307,170,71,66,0,0,6,14,19,23,72,66,42,65,3,37,45,110,112,16,41,77,0,102,36,0,3,8,6,0,9,9,26,60,42,49,49,53,28
"201912","경북성주경찰서",107,49,31,27,0,0,1,3,3,6,17,22,27,28,0,24,21,20,42,11,17,8,0,37,13,1,3,0,3,0,1,13,8,28,13,15,11,21,11
"201912","경북안동경찰서",460,231,147,82,2,4,2,10,67,86,78,73,56,82,1,73,42,156,188,14,94,88,0,182,37,16,8,0,0,0,11,10,49,88,62,74,55,63,69
"201912","경북영덕경찰서",84,44,29,11,0,0,0,0,1,9,12,24,27,11,1,13,10,20,40,2,29,2,0,28,15,0,2,2,0,0,4,0,8,10,15,10,20,11,10
"201912","경북영양경찰서",36,18,9,9,0,0,0,1,0,2,7,7,10,9,0,11,1,11,13,5,13,1,0,5,8,0,2,1,0,0,1,0,3,10,4,5,4,7,3
"201912","경북영주경찰서",203,94,61,48,1,0,1,11,19,15,35,33,40,48,1,33,19,36,114,10,30,20,0,63,23,3,7,19,0,0,5,23,23,37,32,23,37,35,16
"201912","경북영천경찰서",234,100,67,67,1,0,4,11,17,27,39,39,29,67,2,42,29,54,107,10,32,31,0,89,51,1,10,0,0,0,7,3,33,36,35,37,33,32,28
"201912","경북예천경찰서",86,25,31,30,1,1,2,3,2,6,11,12,18,30,1,11,3,13,58,5,11,7,0,23,36,0,3,0,0,0,1,0,12,12,12,13,13,12,12
"201912","경북울릉경찰서",12,7,2,3,0,0,0,0,0,3,2,3,1,3,0,3,0,3,6,1,3,0,0,3,2,0,2,0,0,0,0,1,0,1,4,0,0,3,4
"201912","경북울진경찰서",100,41,22,37,0,0,0,1,8,6,13,17,18,37,2,21,7,18,52,6,22,6,0,30,11,0,12,1,0,0,5,7,11,17,17,9,18,17,11
"201912","경북의성경찰서",100,43,29,28,0,0,1,2,4,4,6,25,30,28,0,22,9,12,57,3,14,6,0,42,22,0,7,0,0,0,2,4,16,18,19,10,14,8,15
"201912","경북청도경찰서",85,42,24,19,0,0,0,2,3,7,9,18,27,19,2,19,1,11,52,6,20,2,0,27,25,0,0,0,1,0,3,1,15,11,10,8,10,15,16
"201912","경북청송경찰서",74,38,18,18,0,0,1,0,3,6,10,18,18,18,2,22,5,9,36,4,15,5,1,28,10,0,2,1,0,0,3,5,8,7,11,10,9,19,10
"201912","경북칠곡경찰서",329,146,85,98,1,1,1,6,30,50,68,49,25,98,2,45,34,55,193,21,41,20,0,148,52,0,16,6,0,0,14,11,37,44,60,51,43,50,44
"201912","경북포항남부경찰서",570,282,157,131,1,0,6,22,62,96,94,76,81,132,5,77,74,121,293,13,84,64,0,203,61,5,51,3,9,1,20,56,59,85,84,85,88,88,81
"201912","경북포항북부경찰서",712,327,237,148,2,6,6,35,88,103,116,114,91,151,8,137,72,202,293,8,93,121,0,310,65,5,54,3,3,0,24,26,88,100,92,114,109,103,106
"201912","광주광산경찰서",1089,529,297,263,1,6,18,62,178,204,169,121,68,262,15,168,102,305,499,29,125,218,0,466,89,6,82,10,1,0,34,29,141,151,173,152,140,181,151
"201912","광주남부경찰서",405,193,119,93,2,3,3,19,60,46,63,63,53,93,9,85,31,78,202,6,71,37,2,206,22,2,29,3,2,0,18,7,56,61,60,56,53,62,57
"201912","광주동부경찰서",354,175,117,62,0,1,2,30,69,29,48,51,60,64,6,67,43,84,154,12,69,31,0,176,21,4,15,1,0,0,15,10,41,56,42,57,55,47,56
"201912","광주북부경찰서",970,468,299,203,2,6,11,39,146,132,139,167,125,203,18,171,79,203,499,31,170,84,0,447,80,7,56,12,2,0,54,27,107,141,147,141,154,156,124
"201912","광주서부경찰서",931,451,266,214,2,4,11,55,159,147,136,129,72,216,19,164,104,196,448,22,119,112,0,480,58,5,51,12,1,0,59,12,114,135,136,123,139,144,140
"201912","군산해양경비안전서",28,4,0,24,0,0,0,0,0,1,0,3,0,24,0,0,0,2,26,0,2,0,0,1,11,0,14,0,0,0,0,0,4,4,2,3,5,5,5
"201912","남해해양경비안전본부",1,1,0,0,0,0,0,0,0,0,1,0,0,0,0,0,0,1,0,0,0,0,0,0,0,1,0,0,0,0,0,0,0,0,1,0,0,0,0
"201912","대구강북경찰서",402,200,97,105,1,2,5,26,55,48,66,66,27,106,3,68,44,88,199,3,50,32,0,204,43,1,29,0,0,0,10,30,41,60,64,52,49,70,66
"201912","대구남부경찰서",445,234,119,92,1,3,4,17,67,61,70,63,67,92,4,97,62,95,187,7,66,32,1,233,31,4,32,1,1,0,21,16,59,61,70,75,58,60,62
"201912","대구달서경찰서",611,319,177,115,1,6,14,53,94,72,102,78,76,115,9,90,68,128,316,11,50,77,0,325,53,2,40,1,2,1,30,19,74,83,86,90,95,88,95
"201912","대구달성경찰서",396,181,107,108,2,8,7,17,40,66,51,58,39,108,12,61,34,71,218,12,62,37,0,167,33,2,28,4,0,0,11,40,43,66,53,48,65,81,40
"201912","대구동부경찰서",872,456,253,163,0,8,11,31,136,133,140,143,104,166,15,144,83,246,384,15,119,109,0,439,53,3,41,7,1,0,39,46,128,123,124,125,122,138,112
"201912","대구북부경찰서",522,258,149,115,0,5,5,24,81,65,82,79,63,118,10,81,65,144,222,13,77,45,1,274,46,1,33,1,3,0,23,5,57,81,66,84,80,81,73
"201912","대구서부경찰서",553,252,170,131,0,1,1,14,60,78,81,99,86,133,4,112,66,119,252,15,68,43,0,291,44,10,34,2,4,0,30,12,52,87,100,68,78,93,75
"201912","대구성서경찰서",773,417,221,135,0,10,9,49,137,138,108,123,63,136,16,134,85,202,336,23,86,124,0,393,65,5,10,5,1,0,36,25,93,110,110,125,113,108,114
"201912","대구수성경찰서",995,515,290,190,1,8,9,45,154,161,160,146,118,193,7,113,92,326,457,15,173,179,0,434,60,8,52,3,3,1,22,45,107,149,154,155,138,155,137
"201912","대구중부경찰서",541,275,178,88,0,4,3,42,147,84,55,52,66,88,9,100,125,131,176,7,67,36,0,313,30,4,23,1,33,0,17,10,83,74,71,58,87,81,87
"201912","대전대덕경찰서",467,235,121,111,2,3,4,15,45,69,74,95,46,114,6,85,82,104,190,6,55,42,1,250,39,0,34,4,2,0,9,25,39,68,50,72,81,84,73
"201912","대전동부경찰서",625,307,193,125,1,3,8,39,92,78,87,94,97,126,9,71,97,166,282,27,95,98,0,291,45,1,26,11,2,0,18,11,62,120,91,74,97,99,82
"201912","대전둔산경찰서",666,313,210,143,2,7,7,35,135,91,76,97,73,143,11,110,72,187,286,29,121,94,1,306,48,2,32,3,2,0,15,13,84,100,95,104,98,112,73
"201912","대전서부경찰서",518,233,153,132,0,5,3,27,78,78,68,74,52,133,12,112,52,108,234,15,83,42,0,259,50,3,29,11,0,0,21,5,56,68,77,65,95,89,68
"201912","대전유성경찰서",859,391,226,242,3,1,6,39,126,128,130,115,68,243,10,99,63,216,471,24,157,114,0,347,65,2,111,6,2,0,18,13,92,115,144,129,133,115,131
"201912","대전중부경찰서",631,301,221,109,4,6,12,36,101,93,91,88,91,109,19,113,75,145,279,11,103,65,1,332,54,0,20,0,3,1,34,7,80,95,98,97,84,108,69
"201912","동해해양경비안전서",5,1,0,4,0,0,0,0,0,0,0,1,0,4,0,0,0,0,5,2,0,0,0,0,1,1,1,0,0,0,0,0,1,2,0,0,0,2,0
"201912","목포해양경비안전서",52,17,1,34,0,0,0,0,1,3,3,7,4,34,1,7,1,2,41,1,4,0,0,14,17,4,9,0,0,0,0,3,1,5,10,9,11,10,6
"201912","보령해양경비안전서",28,4,0,24,0,0,0,0,0,0,2,1,1,24,0,1,2,0,25,1,0,0,0,5,13,0,5,0,0,1,2,1,9,2,2,5,2,1,7
"201912","부산강서경찰서",335,161,74,100,3,1,1,7,26,52,43,67,33,102,5,36,44,94,156,38,85,40,0,96,14,2,25,0,0,0,7,28,31,66,43,56,46,62,31
"201912","부산금정경찰서",556,270,165,121,1,4,3,32,92,61,69,86,86,122,8,92,64,160,232,44,126,51,0,209,24,3,30,0,0,0,42,27,62,95,93,76,82,77,71
"201912","부산기장경찰서",393,166,124,103,1,3,1,8,44,52,63,65,52,104,5,60,61,115,152,32,106,39,0,114,13,4,23,7,1,0,29,25,31,74,67,61,71,59,30
"201912","부산남부경찰서",967,487,308,172,5,6,4,36,144,145,174,162,115,176,14,170,156,298,329,14,258,96,0,381,45,11,19,0,11,0,82,50,101,154,158,145,165,136,108
"201912","부산동래경찰서",606,307,196,103,1,3,5,23,92,86,107,102,82,105,7,104,65,189,241,14,148,81,0,219,27,7,28,1,0,0,58,23,74,84,106,92,75,102,73
"201912","부산동부경찰서",384,203,107,74,0,1,4,18,47,56,55,66,62,75,4,59,43,137,141,10,65,75,0,123,18,8,21,2,2,0,37,23,33,55,49,65,61,68,53
"201912","부산북부경찰서",659,358,211,90,2,2,5,70,142,86,79,103,80,90,7,129,73,248,202,14,96,198,0,203,30,4,18,8,4,0,65,19,71,94,91,101,95,117,90
"201912","부산사상경찰서",749,416,186,147,2,4,6,47,135,113,92,133,68,149,10,109,66,293,271,36,129,212,0,225,40,6,24,8,0,0,41,28,84,146,120,100,90,103,106
"201912","부산사하경찰서",641,332,186,123,0,2,5,39,91,112,99,88,78,127,8,114,63,212,244,18,140,127,0,229,23,2,20,3,0,1,49,29,69,119,101,100,90,88,74
"201912","부산서부경찰서",217,112,65,40,1,2,7,6,25,27,32,31,46,40,2,43,25,56,91,11,38,27,0,72,14,3,4,1,3,0,26,18,25,40,33,29,24,41,25
"201912","부산연제경찰서",805,406,227,172,2,6,7,25,99,113,119,150,109,175,12,153,79,248,313,20,196,61,0,297,21,30,42,9,10,0,71,48,72,110,131,136,134,127,95
"201912","부산영도경찰서",178,93,50,35,0,2,2,9,19,17,26,27,41,35,6,36,19,49,68,4,36,31,0,49,11,4,12,7,1,0,18,5,19,25,28,30,22,31,23
"201912","부산중부경찰서",293,124,102,67,0,0,3,15,36,34,45,54,39,67,5,57,34,103,94,1,48,57,0,88,22,7,2,4,2,0,46,16,23,60,37,45,44,42,42
"201912","부산진경찰서",1299,661,423,215,2,5,7,85,293,184,153,166,186,218,33,269,183,334,480,29,283,87,0,600,63,4,26,13,9,1,119,65,159,194,192,185,170,198,201
"201912","부산해양경비안전서",39,8,0,31,0,0,0,0,0,1,2,1,4,31,0,3,1,2,33,0,4,0,0,0,14,6,8,0,0,0,0,7,0,5,3,11,9,5,6
"201912","부산해운대경찰서",963,446,269,248,1,6,11,37,122,144,141,137,113,251,15,150,84,309,405,70,288,101,0,315,64,4,27,2,2,0,66,24,89,156,175,139,126,156,122
"201912","부안해양경비안전서",8,2,0,6,0,0,0,0,0,0,0,0,2,6,0,0,0,0,8,0,0,0,0,0,7,0,1,0,0,0,0,0,1,1,1,0,1,1,3
"201912","서귀포해양경비안전서",11,8,0,3,0,0,0,0,1,1,1,4,1,3,0,1,5,2,3,0,0,0,0,8,1,1,1,0,0,0,0,0,0,4,0,4,2,0,1
"201912","서울강남경찰서",1757,800,554,403,0,2,6,54,337,340,243,213,149,413,48,188,179,674,668,40,539,200,0,589,72,15,89,8,16,1,63,125,142,281,285,267,277,323,182
"201912","서울강동경찰서",898,446,306,146,1,2,16,46,112,122,154,162,136,147,21,169,161,215,332,19,140,114,0,389,66,3,19,4,6,0,106,32,137,133,148,128,118,126,108
"201912","서울강북경찰서",893,469,296,128,3,5,6,41,159,119,155,170,107,128,20,211,121,196,345,24,113,74,1,438,47,2,20,4,3,0,128,39,118,122,133,142,121,151,106
"201912","서울강서경찰서",1247,608,372,267,6,12,12,48,208,184,182,192,133,270,25,196,214,304,508,42,198,157,1,440,79,7,26,3,24,2,99,169,152,197,174,209,175,199,141
"201912","서울관악경찰서",1215,583,409,223,13,8,5,42,274,170,150,181,146,226,32,211,192,305,475,44,245,96,0,497,79,4,35,2,1,0,157,55,138,194,169,161,173,213,167
"201912","서울광진경찰서",917,418,276,223,1,5,5,55,184,126,128,121,68,224,25,139,180,223,350,34,125,94,0,412,53,8,39,1,18,0,83,50,120,133,142,127,133,139,123
"201912","서울구로경찰서",952,469,296,187,2,4,7,32,124,129,148,172,142,192,18,172,148,267,347,30,178,110,0,416,54,1,21,9,1,0,80,52,108,150,151,130,160,151,102
"201912","서울금천경찰서",651,302,206,143,1,8,3,15,84,97,128,102,64,149,20,118,82,172,259,30,151,63,0,239,31,3,18,4,1,0,86,25,76,95,112,124,75,77,92
"201912","서울남대문경찰서",475,216,158,101,0,0,0,15,96,72,64,75,51,102,7,68,84,133,183,20,73,58,0,202,23,1,13,13,2,0,49,21,43,90,70,83,68,60,61
"201912","서울노원경찰서",977,486,289,202,1,9,12,55,154,124,144,152,123,203,15,197,143,227,395,46,155,97,0,435,74,7,15,5,0,0,90,53,118,149,143,141,142,134,150
"201912","서울도봉경찰서",532,252,181,99,0,5,10,30,78,70,59,77,103,100,9,83,75,143,222,18,101,69,0,216,45,2,5,9,2,0,31,34,75,73,69,79,88,87,61
"201912","서울동대문경찰서",872,462,236,174,0,5,6,37,117,132,124,134,140,177,22,139,130,217,364,52,138,101,0,339,41,5,21,8,0,0,90,77,107,115,154,113,134,120,129
"201912","서울동작경찰서",776,369,293,114,2,7,4,38,172,118,86,123,110,116,18,129,139,181,309,27,114,86,0,387,28,3,20,7,1,0,62,41,73,111,116,111,136,127,102
"201912","서울마포경찰서",1119,516,331,272,0,6,10,60,270,158,113,124,102,276,45,177,144,229,524,31,218,83,1,451,53,5,61,6,2,0,111,97,164,149,176,146,162,150,172
"201912","서울방배경찰서",258,126,68,64,0,2,2,8,42,40,30,42,29,63,4,30,32,67,125,9,56,28,0,102,9,0,23,4,0,0,12,15,28,46,40,31,35,37,41
"201912","서울서대문경찰서",709,333,258,118,3,1,12,29,150,108,88,103,97,118,15,142,104,163,285,19,111,67,0,360,25,8,7,20,7,0,59,26,72,87,106,115,112,108,109
"201912","서울서부경찰서",359,172,99,88,0,3,6,12,42,50,46,68,44,88,3,51,62,97,146,6,65,23,0,157,28,25,4,9,0,1,32,9,41,69,61,45,47,57,39
"201912","서울서초경찰서",1206,597,397,212,2,6,8,46,238,192,167,178,148,221,47,161,160,389,449,40,381,65,0,533,65,4,11,1,0,0,72,34,115,201,167,198,207,177,141
"201912","서울성동경찰서",639,314,196,129,0,2,3,14,97,105,104,103,81,130,5,116,80,177,261,28,106,58,0,279,21,5,24,8,1,0,79,30,63,102,104,94,85,114,77
"201912","서울성북경찰서",484,197,209,78,1,7,4,26,74,72,62,92,67,79,4,65,40,182,193,13,73,110,0,177,39,3,15,5,0,0,30,19,48,66,74,87,76,79,54
"201912","서울송파경찰서",1614,825,494,295,3,11,16,63,256,276,254,239,198,298,26,242,208,519,619,46,332,220,0,711,76,3,35,2,2,0,119,68,160,245,258,214,247,267,223
"201912","서울수서경찰서",920,472,288,160,1,6,4,30,130,146,160,163,118,162,11,116,89,332,372,28,289,112,0,350,26,2,15,8,3,0,38,49,76,140,148,151,146,165,94
"201912","서울양천경찰서",831,423,274,134,1,10,23,44,116,112,141,131,119,134,18,127,154,203,329,19,141,97,0,397,49,4,17,0,1,0,42,64,83,135,118,127,119,144,105
"201912","서울영등포경찰서",1370,709,428,233,2,10,16,61,267,219,173,216,171,235,44,238,170,393,525,33,212,159,0,665,44,3,38,6,2,0,127,81,167,224,221,182,184,220,172
"201912","서울용산경찰서",795,386,252,157,0,2,2,32,206,137,88,96,73,159,29,145,87,204,330,25,135,64,0,351,40,3,9,5,0,0,103,60,111,110,113,90,130,121,120
"201912","서울은평경찰서",538,267,166,105,4,3,7,26,89,69,92,79,64,105,13,103,75,153,194,17,102,60,0,231,26,7,6,6,0,0,55,28,52,79,88,76,82,92,69
"201912","서울종로경찰서",494,258,150,86,0,1,2,12,76,68,76,87,85,87,15,115,72,111,181,19,97,41,0,214,21,1,9,6,0,0,65,21,42,64,79,84,87,63,75
"201912","서울종암경찰서",395,182,139,74,1,5,3,10,57,53,69,61,62,74,9,64,60,85,177,5,55,51,0,176,25,1,22,8,2,0,35,15,35,57,89,55,48,48,63
"201912","서울중랑경찰서",905,444,307,154,2,14,10,41,134,137,133,143,134,157,16,188,135,240,326,25,119,82,0,475,64,5,10,4,12,0,65,44,95,131,127,138,125,155,134
"201912","서울중부경찰서",508,245,157,106,0,1,0,11,82,76,79,96,56,107,7,77,90,138,196,30,89,33,0,234,15,0,16,5,0,0,44,42,60,89,66,79,72,84,58
"201912","서울혜화경찰서",363,182,107,74,1,1,1,11,42,57,55,68,53,74,9,58,56,102,138,16,63,49,0,144,16,2,18,1,0,0,43,11,42,55,52,64,43,57,50
"201912","서해해양경비안전본부",3,0,0,3,0,0,0,0,0,0,0,0,0,3,0,0,0,1,2,0,0,0,0,0,0,2,1,0,0,0,0,0,0,2,1,0,0,0,0
"201912","속초해양경비안전서",13,3,0,10,0,0,0,0,1,0,0,0,2,10,0,0,0,0,13,0,0,1,0,0,3,0,3,0,0,0,0,6,0,0,2,3,5,1,2
"201912","여수해양경비안전서",167,19,3,145,0,0,0,0,0,1,5,8,8,145,0,9,2,1,155,0,3,0,0,12,19,2,10,0,111,1,0,9,26,19,23,15,19,32,33
"201912","완도해양경비안전서",11,1,2,8,0,0,0,0,0,0,1,2,0,8,0,0,1,3,7,1,2,0,0,1,3,0,4,0,0,0,0,0,3,1,3,0,1,0,3
"201912","울산남부경찰서",946,396,252,298,2,6,8,29,111,121,129,170,71,299,17,148,73,252,456,21,145,125,1,310,69,9,145,2,6,0,64,49,109,151,148,130,140,150,118
"201912","울산동부경찰서",425,190,128,107,0,7,4,16,47,66,55,63,59,108,7,94,37,75,212,6,66,40,0,150,54,1,52,1,0,0,39,16,62,64,54,64,74,55,52
"201912","울산울주경찰서",453,202,119,132,4,7,2,15,41,51,67,88,45,133,9,73,39,105,227,14,87,49,0,179,37,3,48,0,1,0,27,8,47,68,63,74,65,74,62
"201912","울산중부경찰서",720,322,192,206,2,8,11,25,81,121,94,109,63,206,6,121,54,202,337,10,93,142,0,250,72,23,58,3,4,0,41,24,77,109,102,103,115,123,91
"201912","울산해양경비안전서",113,1,0,112,0,0,0,0,0,0,0,0,1,112,0,1,0,96,16,0,0,0,0,1,7,96,8,1,0,0,0,0,2,4,100,1,2,1,3
"201912","울진해양경찰서",7,1,0,6,0,0,0,0,1,0,0,0,0,6,0,0,0,0,7,0,0,0,0,0,2,0,4,0,0,0,0,1,0,0,2,2,0,3,0
"201912","인천강화경찰서",157,78,42,37,0,0,0,8,9,13,23,31,36,37,2,33,15,33,74,11,35,3,0,79,4,2,11,0,0,0,4,8,20,13,17,29,26,24,28
"201912","인천계양경찰서",680,311,184,185,1,5,3,21,91,91,106,109,65,188,11,144,59,170,296,24,111,43,1,308,57,2,33,1,2,0,38,60,85,113,105,93,111,94,79
"201912","인천남동경찰서",849,399,252,198,4,1,8,38,144,125,108,138,85,198,14,188,63,229,355,20,116,74,0,427,49,6,49,3,2,0,69,34,117,121,109,115,129,125,133
"201912","인천남부경찰서",1264,582,376,306,3,4,9,49,226,172,164,207,123,307,16,224,145,374,505,52,231,83,4,572,65,6,65,7,1,0,148,30,157,204,175,204,185,191,148
"201912","인천논현경찰서",474,208,131,135,0,4,10,15,59,69,75,69,38,135,5,88,28,124,229,24,72,34,1,222,38,3,24,2,0,0,30,24,43,77,86,82,62,69,55
"201912","인천부평경찰서",690,343,189,158,2,4,3,38,114,99,120,91,61,158,12,166,72,176,264,22,76,81,0,306,43,8,51,5,3,0,59,36,84,105,80,96,103,120,102
"201912","인천삼산경찰서",605,282,155,168,1,3,4,45,118,70,66,84,45,169,9,165,79,122,230,10,69,36,0,328,47,6,40,5,1,1,51,11,89,87,80,85,70,94,100
"201912","인천서부경찰서",1354,602,387,365,2,12,23,49,171,217,201,194,117,368,30,277,91,359,597,68,238,124,1,558,97,8,80,7,5,2,72,94,167,171,202,199,214,232,169
"201912","인천연수경찰서",654,308,187,159,5,8,14,28,100,92,101,103,44,159,11,111,86,171,275,16,105,84,0,300,40,5,22,9,1,0,46,26,73,92,84,116,95,93,101
"201912","인천중부경찰서",829,366,219,244,0,6,3,18,119,126,125,114,73,245,10,144,104,229,342,34,131,67,1,353,60,10,54,0,0,0,76,43,96,131,126,129,127,116,104
"201912","인천해양경비안전서",18,6,0,12,0,0,0,0,0,0,1,4,1,12,0,1,1,0,16,0,0,1,0,3,5,1,1,0,0,0,2,5,2,2,2,4,5,1,2
"201912","전남강진경찰서",92,44,23,25,0,1,0,2,2,6,14,25,17,25,1,11,4,15,61,3,14,2,0,32,22,0,12,2,1,0,2,2,17,12,18,14,8,15,8
"201912","전남고흥경찰서",120,56,41,23,0,2,0,0,6,9,23,24,33,23,0,22,12,22,64,2,31,12,0,43,15,0,6,0,0,0,4,7,19,16,18,15,19,19,14
"201912","전남곡성경찰서",36,14,9,13,0,0,1,4,2,5,1,3,6,14,1,1,0,9,25,2,13,2,0,3,6,0,2,1,0,0,0,7,4,8,4,7,4,6,3
"201912","전남광양경찰서",407,170,102,135,0,4,4,15,37,39,52,77,44,135,8,61,34,76,228,35,60,39,0,134,74,4,32,4,0,0,19,6,38,74,64,57,60,77,37
"201912","전남구례경찰서",50,28,13,9,0,0,1,1,2,2,6,13,16,9,1,9,2,8,30,1,9,2,0,28,4,0,3,0,0,0,2,1,4,7,5,6,7,17,4
"201912","전남나주경찰서",230,99,67,64,0,2,0,7,19,23,42,29,41,67,8,30,22,54,116,12,55,13,0,85,41,0,9,1,5,0,4,5,25,22,38,51,39,26,29
"201912","전남담양경찰서",93,43,29,21,1,1,0,0,5,8,8,22,27,21,0,15,7,14,57,8,17,6,0,31,20,1,2,0,0,0,0,8,9,18,9,15,17,16,9
"201912","전남목포경찰서",818,356,259,203,2,8,13,38,102,113,114,114,110,204,14,133,99,163,409,19,113,59,0,390,85,2,55,11,1,0,46,37,91,127,128,116,119,142,95
"201912","전남무안경찰서",185,70,61,54,1,1,0,9,16,20,29,35,20,54,11,20,12,43,99,7,46,17,0,60,18,3,3,2,0,0,6,23,19,27,22,29,34,41,13
"201912","전남보성경찰서",71,29,19,23,0,0,0,1,3,4,10,18,12,23,0,15,8,10,38,3,10,1,0,29,15,0,9,4,0,0,0,0,3,9,15,12,11,13,8
"201912","전남순천경찰서",697,298,221,178,2,6,6,30,81,85,104,132,71,180,8,112,50,166,361,9,102,88,0,273,68,1,61,5,1,0,35,54,82,99,111,109,96,104,96
"201912","전남여수경찰서",683,289,197,197,3,2,2,21,74,75,110,100,97,199,8,131,67,115,362,14,94,40,0,303,93,3,15,4,2,0,33,82,70,106,107,93,97,111,99
"201912","전남영광경찰서",101,35,34,32,0,1,2,7,6,15,14,14,10,32,3,23,6,17,52,1,20,8,0,33,15,1,12,1,0,0,4,6,7,19,18,17,14,17,9
"201912","전남영암경찰서",166,83,41,42,0,1,1,7,12,18,26,35,24,42,1,26,22,18,99,7,17,7,0,50,12,0,13,0,0,0,7,53,21,25,23,22,26,29,20
"201912","전남완도경찰서",131,65,29,37,0,0,1,2,13,7,22,28,18,40,2,25,17,31,56,6,23,12,0,45,16,0,4,2,0,0,20,3,10,19,17,24,18,23,20
"201912","전남장성경찰서",89,44,28,17,0,0,1,2,4,7,11,21,26,17,2,19,9,15,44,4,14,8,1,40,14,0,1,1,0,0,2,4,12,6,12,14,16,14,15
"201912","전남장흥경찰서",104,45,32,27,0,3,1,0,7,6,15,25,20,27,2,16,15,13,58,3,16,5,0,44,23,1,8,0,0,0,3,1,13,12,15,15,16,18,15
"201912","전남진도경찰서",78,40,21,17,0,1,1,1,2,8,15,12,21,17,1,15,13,14,35,3,14,3,0,30,7,1,9,1,0,0,7,3,8,9,18,9,14,15,5
"201912","전남함평경찰서",50,24,8,18,0,2,0,2,4,4,5,7,8,18,1,6,3,10,30,5,10,4,1,18,6,1,2,1,0,0,0,2,1,5,8,10,10,10,6
"201912","전남해남경찰서",177,80,45,52,0,1,2,4,11,22,25,30,31,51,7,26,16,53,75,4,44,28,0,51,13,2,23,0,0,1,5,6,10,36,25,37,32,18,19
"201912","전남화순경찰서",111,52,39,20,0,3,0,6,5,10,19,23,25,20,3,18,17,18,55,1,20,12,1,51,10,0,4,0,1,0,2,9,14,17,15,14,17,19,15
"201912","전북고창경찰서",113,51,33,29,0,0,1,4,6,6,22,18,27,29,2,11,16,34,50,3,29,15,1,27,18,2,8,0,0,0,4,6,14,19,18,11,17,21,13
"201912","전북군산경찰서",851,490,218,143,0,6,7,61,121,143,130,130,107,146,8,135,59,346,303,25,173,209,0,284,75,10,15,2,2,0,14,42,93,131,135,119,147,121,105
"201912","전북김제경찰서",165,84,45,36,0,0,3,7,10,15,19,32,43,36,3,34,12,24,92,6,33,9,0,58,24,4,15,1,1,1,3,10,15,19,23,25,25,36,22
"201912","전북남원경찰서",162,81,48,33,0,1,3,5,13,20,27,27,33,33,2,23,29,28,80,5,26,10,0,58,35,3,1,2,4,0,6,12,24,24,25,23,22,24,20
"201912","전북무주경찰서",45,18,13,14,0,0,0,1,4,4,8,6,8,14,1,7,2,10,25,5,14,7,0,7,6,1,3,0,1,0,0,1,6,3,9,6,3,6,12
"201912","전북부안경찰서",108,51,15,42,1,1,1,2,4,7,6,18,26,42,1,15,8,14,70,7,20,3,0,24,30,0,9,0,0,0,1,14,16,15,13,15,15,23,11
"201912","전북순창경찰서",35,15,10,10,0,0,0,1,0,2,7,5,10,10,0,7,8,7,13,1,8,2,0,14,5,0,1,0,0,0,1,3,2,6,5,7,7,4,4
"201912","전북완주경찰서",147,61,34,52,0,2,1,2,11,23,19,25,12,52,4,21,14,25,83,9,26,12,0,54,21,0,5,3,1,0,3,13,14,18,22,28,22,22,21
"201912","전북익산경찰서",692,327,213,152,1,6,7,32,84,98,113,127,71,153,7,138,73,177,297,39,110,62,0,289,96,8,19,2,2,0,22,43,80,103,107,96,86,119,101
"201912","전북임실경찰서",36,21,13,2,0,0,1,1,5,3,5,6,12,3,0,8,2,6,20,0,8,2,0,13,11,0,0,0,1,1,0,0,2,7,3,8,4,8,4
"201912","전북장수경찰서",37,20,11,6,0,1,0,0,3,5,7,8,7,6,0,3,5,12,17,2,9,3,0,18,2,0,0,2,0,0,0,1,5,7,6,3,3,10,3
"201912","전북전주덕진경찰서",600,326,156,118,0,4,7,18,72,85,125,100,70,119,7,95,76,131,291,22,109,49,0,283,68,7,21,2,4,0,10,25,70,96,103,90,89,87,65
"201912","전북전주완산경찰서",786,343,224,219,1,5,9,34,119,93,114,117,73,221,14,147,80,188,357,17,135,77,2,326,81,15,42,4,12,0,47,28,106,113,114,121,124,112,96
"201912","전북정읍경찰서",227,91,66,70,1,3,3,8,17,17,32,26,50,70,5,25,19,52,126,9,47,32,0,59,31,1,19,5,0,0,11,13,16,43,35,23,35,53,22
"201912","전북진안경찰서",39,19,6,14,1,0,1,2,1,3,6,5,6,14,1,6,2,4,26,4,8,0,0,11,10,1,3,1,0,0,0,1,6,9,3,4,9,4,4
"201912","제주동부경찰서",906,431,283,192,4,7,13,34,123,125,143,158,105,194,10,167,120,180,429,56,185,83,1,354,52,1,53,10,1,0,62,48,103,137,140,129,143,141,113
"201912","제주서귀포경찰서",569,246,202,121,2,2,3,17,61,79,106,102,77,120,7,103,85,122,252,22,98,41,0,235,80,0,36,7,0,0,36,14,47,88,93,95,82,93,71
"201912","제주서부경찰서",765,358,252,155,2,2,8,23,107,123,135,133,77,155,16,157,119,142,331,14,136,38,0,400,25,3,73,0,0,0,50,26,95,118,99,97,113,128,115
"201912","제주해양경비안전본부",1,0,1,0,0,0,0,0,0,1,0,0,0,0,1,0,0,0,0,1,0,0,0,0,0,0,0,0,0,0,0,0,0,0,1,0,0,0,0
"201912","제주해양경비안전서",31,12,2,17,0,0,0,0,2,2,2,3,5,17,0,4,2,7,18,0,1,0,0,13,10,0,3,0,0,0,0,4,4,2,4,5,3,8,5
"201912","중부해양경비안전본부",1,1,0,0,0,0,0,0,0,0,1,0,0,0,0,0,0,0,1,0,0,0,0,0,0,0,0,0,0,0,0,1,0,0,0,0,0,1,0
"201912","창원해양경비안전서",452,0,0,452,0,0,0,0,0,0,0,0,0,452,0,0,0,0,452,0,0,0,0,1,30,0,2,0,416,0,0,3,42,52,60,80,77,62,79
"201912","충남공주경찰서",258,126,74,58,1,1,0,14,37,33,35,43,36,58,1,46,41,50,120,15,47,26,0,96,34,0,8,2,5,0,4,21,36,36,36,36,35,38,41
"201912","충남금산경찰서",90,40,24,26,1,0,0,4,7,5,15,17,15,26,1,12,13,18,46,8,25,6,0,23,16,1,6,0,0,0,2,3,10,11,17,11,17,15,9
"201912","충남논산경찰서",267,137,73,57,1,1,1,10,32,35,38,49,42,58,5,42,33,59,128,10,64,13,0,112,45,0,7,2,1,0,9,4,29,39,39,47,34,39,40
"201912","충남당진경찰서",373,166,86,121,1,2,1,10,31,46,64,63,34,121,5,46,55,74,193,24,68,30,0,146,58,2,20,3,0,0,18,4,46,56,59,53,60,60,39
"201912","충남보령경찰서",249,113,74,62,1,1,3,3,22,19,41,45,51,63,6,27,36,60,120,10,50,17,0,78,56,4,15,2,0,0,15,2,31,40,25,37,33,43,40
"201912","충남부여경찰서",112,56,25,31,0,1,1,0,7,12,12,20,28,31,1,13,15,20,63,12,23,7,0,34,25,0,5,0,0,0,1,5,8,16,20,14,21,18,15
"201912","충남서산경찰서",414,197,126,91,0,4,2,14,40,59,64,79,60,92,8,84,43,95,184,14,78,42,0,186,44,0,18,3,0,0,17,12,61,69,60,57,60,61,46
"201912","충남서천경찰서",106,51,23,32,0,0,0,2,6,11,15,25,15,32,0,19,5,14,68,8,28,3,0,29,32,0,4,2,0,0,0,0,13,20,13,19,13,20,8
"201912","충남세종경찰서",558,273,141,144,1,6,9,15,49,100,102,88,43,145,6,75,68,167,242,27,134,91,0,179,64,4,28,0,0,0,10,21,54,86,84,102,88,78,66
"201912","충남아산경찰서",802,392,217,193,3,5,5,32,90,115,136,133,88,195,9,191,90,172,340,41,129,86,0,351,78,2,24,4,3,0,35,49,108,129,114,114,112,124,101
"201912","충남예산경찰서",209,85,55,69,0,0,1,4,15,14,36,34,36,69,4,23,25,37,120,19,34,5,0,94,29,12,2,1,0,0,4,9,26,26,28,35,28,41,25
"201912","충남천안동남경찰서",802,396,239,167,2,6,6,44,143,97,127,135,70,172,12,90,121,214,365,39,133,129,0,378,41,0,28,1,4,0,19,30,90,137,141,107,118,116,93
"201912","충남천안서북경찰서",1054,484,324,246,2,7,12,38,196,181,152,131,83,252,24,184,105,264,477,31,186,120,2,488,85,2,30,2,0,0,79,29,111,153,161,156,154,176,143
"201912","충남청양경찰서",42,18,13,11,0,0,0,0,4,3,7,8,9,11,0,13,3,11,15,0,8,7,0,19,4,1,2,0,0,0,0,1,5,7,5,6,11,3,5
"201912","충남태안경찰서",158,72,32,54,0,1,1,3,12,8,19,32,28,54,2,24,13,39,80,17,40,11,0,50,25,3,7,2,0,0,1,2,17,28,20,24,24,22,23
"201912","충남홍성경찰서",245,106,64,75,0,0,1,8,14,25,38,32,51,76,4,35,28,62,116,15,61,16,0,87,25,0,18,3,1,0,7,12,28,28,39,38,48,32,32
"201912","충북괴산경찰서",159,71,50,38,0,1,1,7,24,21,31,20,16,38,6,15,14,50,74,6,20,36,0,62,15,1,1,3,1,0,7,7,11,22,30,27,17,30,22
"201912","충북단양경찰서",63,31,12,20,0,1,2,2,2,2,7,17,10,20,2,8,7,10,36,6,7,3,0,23,12,1,6,0,0,0,0,5,12,10,10,8,6,11,6
"201912","충북보은경찰서",61,32,12,17,0,1,0,1,2,5,9,12,14,17,1,17,6,6,31,3,12,4,0,26,10,0,1,0,0,0,3,2,8,10,9,11,8,7,8
"201912","충북영동경찰서",85,37,22,26,0,0,2,1,10,8,8,18,12,26,1,17,9,27,31,7,22,12,0,22,10,0,1,0,4,1,4,2,1,12,9,14,14,20,15
"201912","충북옥천경찰서",110,55,34,21,0,0,2,3,6,14,18,22,24,21,1,19,8,21,61,5,25,10,0,42,19,1,3,0,0,0,4,1,11,19,18,10,15,23,14
"201912","충북음성경찰서",291,128,63,100,1,3,6,4,20,30,43,53,30,101,3,37,32,63,156,19,58,19,0,106,36,4,24,2,2,0,14,7,27,43,53,46,42,57,23
"201912","충북제천경찰서",259,120,74,65,0,1,1,3,23,37,43,50,36,65,5,37,18,65,134,8,60,24,0,101,23,0,12,0,0,0,7,24,31,34,36,31,42,39,46
"201912","충북진천경찰서",236,95,66,75,0,0,3,11,15,39,32,36,25,75,6,26,29,58,117,8,29,29,0,68,23,0,17,2,5,0,17,38,21,36,32,42,40,38,27
"201912","충북청주상당경찰서",563,283,167,113,3,4,11,28,61,78,95,92,77,114,6,117,71,137,232,16,95,55,0,299,36,5,12,6,2,0,18,19,70,104,77,76,77,90,69
"201912","충북청주청원경찰서",752,406,204,142,2,3,8,43,137,100,106,123,79,151,10,168,100,153,321,13,101,62,0,387,79,1,33,3,6,0,39,28,107,113,110,101,88,126,107
"201912","충북청주흥덕경찰서",886,441,229,216,1,8,7,33,124,127,154,128,84,220,11,111,116,243,405,20,177,105,0,385,34,5,58,0,12,1,27,62,121,123,140,138,129,125,110
"201912","충북충주경찰서",589,284,150,155,5,3,3,27,70,61,86,98,80,156,8,78,56,146,301,24,84,78,0,230,51,1,59,2,1,0,22,37,65,101,93,89,84,81,76
"201912","태안해양경비안전서",243,4,0,239,0,0,0,0,0,0,1,1,2,239,0,1,0,0,242,0,0,0,0,1,0,0,24,0,215,0,0,3,34,20,50,35,39,31,34
"201912","통영해양경비안전서",978,13,2,963,0,0,0,0,1,4,2,5,2,964,0,3,1,5,969,1,6,0,0,3,13,1,10,0,942,0,0,2,4,97,42,819,7,4,5
"201912","평택해양경비안전서",14,7,0,7,0,0,0,0,0,0,1,3,3,7,0,0,0,1,13,1,3,0,0,1,2,3,2,2,0,0,0,0,3,2,1,5,1,1,1
"201912","포항해양경비안전서",11,4,0,7,0,0,0,0,0,0,2,1,1,7,0,1,3,1,6,0,0,0,0,4,3,2,1,1,0,0,0,0,1,1,2,1,2,2,2
